"","distance_high_speed_running","total_distance","distance_walking","distance_jogging","distance_high_speed_sprinting","distance_low_speed_sprinting","linebreaks_attempted_attacking_line_completed","linebreaks_attempted_completed","linebreaks_attempted_defensive_line","final_third_entries_reception_central_channel","possession","linebreaks_completed_attacking_and_midfield_line","linebreaks_attempted_all_lines","phase_aggregate_low_press","completed_ball_progressions","linebreaks_attempted_midfield_line","receptions_in_behind","attempted_ball_progressions","offers_to_receive_in_behind","take_ons_completed","final_third_entries_reception_inside_left_channel","receptions_between_midfield_and_defensive_line","distributions_under_pressure","linebreaks_completed_under_pressure","offers_to_receive_outside","offers_to_receive_inside","offers_to_receive_in_front","offers_to_receive_total","final_third_entries_reception_left_channel","linebreaks_attempted_defensive_line_completed","phase_aggregate_recovery","phase_aggregate_build_up_opposed","phase_aggregate_build_up_unopposed","linebreaks_completed_midfield_and_defensive_line","phase_aggregate_long_ball","linebreaks_attempted_attacking_line","linebreaks_attempted","linebreaks_attempted_under_pressure","phase_aggregate_mid_block","phase_aggregate_progression","phase_aggregate_final_third","phase_aggregate_set_pieces","phase_aggregate_mid_press","phase_aggregate_high_press","phase_aggregate_high_block","linebreaks_attempted_midfield_and_defensive_line","receptions_under_pressure","distributions_completed_under_pressure","final_third_entries_reception_right_channel","offers_to_receive_in_between","completed_switches_of_play","attempted_switches_of_play","goalkeeper_defensive_actions_outside_penalty_area","phase_aggregate_defensive_transition","phase_aggregate_attacking_transition","phase_aggregate_low_block","linebreaks_attempted_attacking_and_midfield_line","phase_aggregate_counterattack","phase_aggregate_counter_press","linebreaks_completed_all_lines","receptions_under_no_pressure","goalkeeper_defensive_actions_inside_penalty_area","receptions_under_indirect_pressure","goalkeeper_goal_preventions","received_offers_to_receive","receptions_under_direct_pressure","forced_turnovers","defensive_pressures_applied","direct_defensive_pressures_applied","final_third_entries_reception_inside_right_channel","linebreaks_attempted_midfield_line_completed","attempt_at_goal_off_target","passes","attempt_at_goal_blocked","attempt_at_goal_on_target","attempt_at_goal","assists","crosses_completed","crosses","passes_completed","goals_conceded","goals","goals_from_direct_free_kicks","attempt_at_goal_outside_the_penalty_area_on_target","goals_outside_the_penalty_area","headed_attempt_at_goal","fouls_against","penalties_scored","penalties","throw_ins","direct_free_kicks","indirect_free_kicks","free_kicks","corners","goal_kicks","attempt_at_goal_outside_the_penalty_area","goals_inside_the_penalty_area","attempt_at_goal_inside_the_penalty_area_on_target","attempt_at_goal_inside_the_penalty_area","attempt_at_goal_against","goals_conceded_from_attempt_at_goal_against","own_goals","time_played","substitutions_in","substitutions_out","red_cards","attempt_at_goal_from_free_kicks","fouls_for","offsides","yellow_cards","negara","status"
"1",13492.716861,111602.29,42308.428139,47509.094853,2008.84122,6283.208927,63,135,16,11,0.531900882957772,23,6,0.247300962612349,19,85,8,22,131,7,6,127,412,79,472,397,401,869,15,8,1.18598096048503,22.4010537136983,34.468966846569,4,1.99498843484965,80,181,112,26.9292134233899,22,21.6750192752506,5.3890388075045,3.84513109610169,10.2962293251077,6.77551454555124,10,228,322,17,337,5,5,0,11.5699622400681,11.4503019789257,11.5513481891188,23,0.921999485993318,8.64223794075414,4,488,14,210,5,347,18,67,240,34,2,64,7,711,2,5,14,1,1,6,635,1,2,0,1,0,0,8,0,0,24,15,0,15,1,4,3,2,4,11,5,0,1,94,5,5,0,0,14,4,0,"argentina","win"
"2",16370.202717,120991.89,39044.082903,56660.502087,1947.969429,6981.232053,48,92,12,2,0.358482726740299,28,9,1.1452711385248,11,62,8,15,105,3,1,60,239,52,291,247,249,538,8,7,2.27447956823439,14.0775408179546,42.8375791097165,5,5.24118491730043,72,146,83,26.4054870213313,15,12.7665798010956,8.32978779981918,6.95997172963249,9.82555898226677,4.75938062194809,9,166,166,9,184,8,9,0,11.4503019789257,11.5699622400681,21.6461063993832,28,0.83497314258363,6.998522230789,5,288,18,145,14,188,21,73,453,64,6,37,2,450,1,2,5,0,2,15,381,2,1,0,1,0,1,15,0,0,24,7,4,11,3,10,2,0,1,3,14,0,0,94,5,5,0,0,7,0,2,"australia","lose"
"3",12636.210108,105126.54,40547.306478,44436.988458,1839.71445,5655.807852,30,66,13,1,0.369253385491286,17,6,2.33309114394123,5,63,5,10,78,0,1,52,181,32,200,173,144,373,8,5,2.66004682328247,14.1470479477382,35.6649821274498,1,5.83631209170467,51,127,64,23.0544118834262,10,16.5690866510539,9.68969555035129,9.73399531767175,4.97093727294744,3.7135706789376,8,124,113,11,151,2,2,0,11.0801646887866,15.088438308887,26.6549608460483,17,1.36509306052015,6.88423347057399,1,240,7,112,5,112,12,79,327,63,2,31,2,356,1,1,4,0,4,17,287,2,0,0,1,0,0,19,0,0,19,15,2,17,2,8,3,0,0,1,5,0,0,100,4,4,0,1,14,4,4,"mexico","lose"
"4",11487.602295,104909.61,42593.30166,42939.503373,2517.83064,5371.372032,48,100,10,2,0.509843775305535,21,4,1.03537532355479,23,74,2,26,103,4,6,89,324,60,297,272,222,569,10,5,1.35893011216566,19.6536691692904,35.5221199644789,2,2.58739000565109,66,150,95,21.6504375693332,26,19.5931218212642,7.76519738435456,5.49118698385308,4.17847898434611,3.28176999876741,4,197,237,12,244,3,4,1,15.088438308887,11.0761281989182,22.248243559719,21,1.47937353677242,11.293602859608,2,337,12,185,4,213,12,63,220,43,4,47,3,533,0,2,5,2,2,14,464,0,2,0,1,1,1,15,0,0,21,20,3,23,4,6,3,1,1,2,4,0,0,100,5,5,0,1,17,2,1,"argentina","win"
"5",13813.156866,112210.86,44267.18427,44300.847528,2951.145618,6867.304632,29,68,15,3,0.247385009785918,32,3,0.593045197232456,19,68,9,26,69,5,2,78,165,36,136,132,68,268,3,7,4.58621619193099,8.15679790568703,23.0098859839482,2,7.80889394095966,54,137,61,35.6438134603289,26,21.2393648169198,7.93462161138094,5.74175577320514,3.84401114206128,3.48279270374697,4,125,91,8,131,7,7,0,10.8527271093539,27.7703144914057,17.6655584508941,32,1.9358616651166,7.75092101716237,1,150,29,112,14,94,13,80,361,48,3,32,0,267,1,2,3,1,2,9,190,1,2,0,0,0,0,21,0,0,13,6,10,16,2,9,0,2,2,3,14,0,0,100,5,5,0,0,6,1,6,"saudi","win"
"6",12412.924972,102332.44,44258.7803,38159.766876,2148.98124,5351.986612,22,127,39,5,0.649372020159285,24,14,1.41572801488064,13,115,26,16,157,3,4,105,368,83,367,283,316,650,12,25,2.05297785126244,15.8621619193099,37.4651810584958,20,1.2418007008716,37,191,135,20.2748785780717,16,20.5139725042681,7.02219426722976,3.53415314663635,3.57204367744825,6.19337949088905,30,262,273,18,177,5,6,0,27.7703144914057,10.8527271093539,10.0478798525714,24,0.560697277383413,17.1265199269746,7,360,13,239,4,271,23,65,163,34,8,80,5,610,2,6,14,0,12,29,529,2,1,0,0,0,5,7,1,1,24,22,0,22,9,3,4,1,6,10,3,0,0,100,4,4,0,1,21,10,0,"argentina","lose"
"7",15990.074766,116376.09,41418.250431,49727.503257,2269.333755,6959.290182,75,172,21,4,0.605215496239922,43,12,0.239048586625232,10,119,17,14,146,8,5,130,409,96,341,299,235,640,27,17,5.32181915974422,12.570762289403,38.0206837115771,11,3.2174662453318,101,241,145,8.77905934381163,14,23.9704614968653,5.25204048870338,4.51801828721688,7.13560031076316,6.44833562421562,15,235,316,19,259,9,12,0,27.2769377876053,11.4799668790239,9.51413374768422,43,0.547510012335874,15.9654574792327,8,440,11,210,8,229,25,74,161,31,6,80,7,650,4,3,14,0,5,32,567,1,0,0,0,0,2,10,0,0,27,10,2,12,6,4,3,0,3,11,8,0,0,94,5,5,0,1,9,3,1,"denmark","lose"
"8",16132.014138,119762.54,40898.90741,53773.38046,2143.749466,6814.488526,27,81,17,2,0.244603775290411,34,8,0.488365412237863,17,97,8,24,88,7,2,93,175,45,160,142,100,302,9,7,6.16286733021275,10.3179346202116,13.7931034482759,3,10.6376621048228,52,166,79,27.1676495935921,24,20.7195362457419,11.9449590629295,3.91030298933707,3.49798063436808,5.04925900265306,9,109,95,11,114,1,2,0,11.4799668790239,27.2769377876053,25.3595146763101,34,1.81079304368613,7.61782449262382,3,167,26,98,14,84,11,90,341,37,1,47,2,286,1,4,8,1,2,11,187,0,1,0,2,0,1,11,0,0,32,9,4,13,2,10,5,1,2,3,14,0,0,94,4,4,0,0,9,1,2,"australia","win"
"9",19323.216946,120318.91,38032.807451,50918.962712,3344.865698,8711.089084,50,123,23,8,0.439345861861696,30,12,1.43464842772542,11,87,15,16,140,3,6,117,271,66,294,288,163,582,17,13,5.13595796146468,15.2079874669722,31.0835457245072,5,2.65391540206234,66,176,97,17.424305613479,16,28.25309233755,8.42705824584376,5.86370839936609,14.3298023187922,8.7580281925098,13,174,182,20,279,6,9,0,11.7222036867128,8.88418640540604,6.32037701226124,30,1.54324596067061,6.70197681207774,4,301,14,154,9,208,20,47,320,53,5,60,12,448,5,4,21,0,6,19,382,1,0,0,0,0,4,14,0,1,28,10,0,10,4,7,5,0,4,16,9,0,0,90,5,5,0,0,10,1,2,"canada","lose"
"10",17684.366205,117348.15,40438.17249,49063.261515,2675.53782,7498.546785,50,118,13,5,0.463988268585915,33,9,1.28603830055884,13,87,8,14,115,3,3,93,196,40,365,253,235,618,6,6,4.86590127902355,18.9319376094754,31.5779047460172,5,4.74810242722496,75,175,59,17.3848995721,14,11.9109183418133,5.85432479773125,4.47307503448921,5.75911333504805,5.89239366801506,10,117,140,6,268,4,6,0,8.88418640540604,11.7222036867128,24.0442397175392,33,2.37717908082409,7.04982813851802,4,399,22,100,21,211,17,74,284,41,2,62,6,512,0,3,9,1,5,8,439,0,1,0,1,0,1,11,0,0,16,14,1,15,4,18,3,1,2,6,21,0,0,90,4,4,0,0,14,0,3,"belgia","win"
"11",13560.875166,110520.58,40638.417266,46197.60244,2729.858326,7393.826802,45,89,11,2,0.329828503653947,16,3,0.571171171171171,18,54,7,23,109,2,3,54,183,41,273,168,159,441,10,8,3.24324324324324,16.4542090113376,29.2589437819421,4,4.82288668272337,60,125,59,36.5279279279279,23,17.5938436233331,8.07290136873642,4.43603603603604,5.26846846846847,4.28648648648649,5,142,130,11,173,10,11,0,10.0513513513514,14.2072490160371,18.4522522522523,16,2.33213887093932,6.78198198198198,2,200,22,129,10,146,13,78,360,53,1,36,6,317,0,4,11,2,4,9,275,0,2,0,1,0,0,14,0,0,8,11,2,13,1,13,5,2,3,6,10,0,0,92,5,5,0,1,9,3,1,"maroko","win"
"12",13747.472655,106158.09,41327.344437,43482.353664,1953.308856,5636.994579,40,104,13,3,0.569877219123259,22,5,0.666744992069553,17,85,4,21,144,3,8,102,367,71,317,415,377,732,12,3,4.83169829054808,16.3081081081081,46.9576576576577,2,0.711711711711712,51,149,98,16.78317570346,21,14.4,7.2027027027027,4.3588086706221,5.69523585736944,10.5210597427011,7,240,282,9,211,6,6,0,14.2072490160371,10.0513513513514,12.0102214650767,22,0.29009009009009,10.3360159783822,1,441,18,209,11,291,31,38,194,36,4,61,6,671,0,4,10,0,3,19,598,2,0,0,2,0,3,10,0,0,18,14,3,17,9,10,5,0,2,5,11,0,0,92,5,5,0,1,14,3,1,"belgia","lose"
"13",14968.893982,109823.14,37834.07173,47827.97747,2240.392056,6940.822448,58,137,20,3,0.443778795849389,31,8,0.862380894946327,12,91,15,16,116,1,4,126,268,53,242,305,161,547,19,14,4.77827363004061,16.0069228721044,37.848362474483,6,2.19224283305228,77,188,83,29.5420737345716,16,28.1707641785746,4.78055382976835,3.49173802918828,6.35025931733205,5.7713182969485,11,170,195,21,270,13,14,1,11.7456679934065,8.46609567764267,18.4778675672416,31,0.536966361941954,6.73823020946408,4,398,33,159,18,207,11,81,329,49,5,65,2,548,2,6,10,0,1,14,486,4,1,0,3,1,0,13,0,0,13,8,0,8,4,8,4,0,3,6,18,0,0,100,5,5,0,0,8,5,1,"korea","lose"
"14",13677.553773,108465.93,41770.229643,44015.474394,2548.949355,6453.722835,63,145,21,5,0.476932661544101,29,8,1.22703470311529,17,91,17,25,149,3,5,112,366,68,316,350,260,666,20,17,3.20404721753794,15.8605717042576,35.282233747437,7,2.3479274715555,81,193,103,21.5407828170764,25,25.6342218469827,15.0595022715394,2.64267329368954,3.29945859589953,6.22170941688116,11,266,273,15,257,9,11,0,8.20648797372859,11.7456679934065,29.1914440401172,29,2.68363285490291,7.16029111564747,5,378,16,248,10,240,18,73,310,50,7,65,8,616,0,9,18,3,4,18,556,1,4,0,0,0,1,8,1,1,15,11,5,16,5,6,4,4,9,14,10,0,0,100,5,5,0,1,12,0,0,"brazil","win"
"15",15271.153128,110181.48,39422.933544,45471.896796,2853.700332,7161.7962,47,134,16,10,0.538946730799891,17,5,0.705003419792708,31,102,11,42,144,6,9,125,292,54,386,341,308,727,14,10,4.20897564055348,18.151443409195,34.7983809378341,6,1.9054528791813,66,184,74,18.8877781869837,42,26.2085688101421,6.39128608522988,5.54795601620456,10.6855369074551,5.1665175987794,10,169,213,20,275,6,7,0,11.7351502078182,11.4241255536887,14.8997737675593,17,2.79708263326715,8.50213079391803,2,467,9,147,4,265,22,72,236,41,7,77,9,585,4,10,24,1,3,19,526,0,2,0,5,0,1,7,0,0,24,12,0,12,6,6,13,2,5,11,4,0,0,92,5,5,0,2,12,1,0,"brazil","win"
"16",16151.434884,115038.71,38549.471721,51709.900145,2082.200651,6534.198728,46,91,15,4,0.346525443329898,23,7,0.742706583167863,11,64,4,16,67,3,3,69,244,57,210,204,162,414,10,6,6.4686115778219,15.460093649708,31.4357868153838,4,5.15073394012732,61,140,84,16.9982434702917,16,13.8843583942758,6.47656126690167,5.72399572323201,3.60852298762792,4.1946693141897,10,161,176,7,185,6,7,0,11.4241255536887,11.7351502078182,32.3239651748893,23,1.14694586205082,7.34496716053154,3,251,32,151,24,152,10,71,338,60,3,39,3,403,1,0,4,0,3,13,341,2,0,0,0,0,1,12,0,0,15,7,1,8,4,10,3,0,0,1,24,0,0,92,5,5,0,0,6,0,3,"serbia","lose"
"17",14771.953592,108298.78,39962.24982,44272.541264,2263.444502,7006.931066,36,114,20,5,0.511171460279649,20,9,0.851633893115162,16,93,16,23,154,5,12,99,314,47,309,350,287,659,19,11,3.63140519592364,15.1716874652253,38.6455766632223,9,1.57976313488594,51,164,70,26.2092722836228,23,28.4854145139496,13.6098084413004,6.54992584086886,10.0497583847663,3.50222477393426,17,183,228,11,218,6,6,0,10.9121573130472,10.6013035529767,11.1693220420076,20,1.81821794769891,9.10004306014066,6,408,16,163,4,235,20,85,282,34,5,67,2,565,1,5,9,1,3,26,498,0,1,0,1,0,1,10,0,0,24,17,1,18,8,2,3,1,4,6,4,0,0,92,5,5,0,0,17,3,1,"brazil","win"
"18",14914.282523,108625.51,38681.544111,46209.291954,2107.334894,6723.919069,49,100,17,4,0.400843131149891,33,10,1.35919243303394,9,81,4,14,128,0,3,86,340,74,288,280,228,568,7,4,4.84659407042365,16.5733696952299,37.0807616860437,3,1.25352853930434,75,173,132,28.7834830299658,14,12.9084732787905,5.66958518731161,4.96780860027025,1.53207217232334,2.65877116286464,15,221,257,10,212,2,2,0,10.6013035529767,10.9121573130472,29.1053970272633,33,0.535859528252237,8.21079405452667,2,267,21,205,9,210,16,80,344,59,6,47,1,488,3,0,4,0,3,11,415,1,0,0,0,0,0,17,0,0,18,10,3,13,3,10,2,0,0,2,9,0,0,92,5,5,0,0,10,1,1,"swiss","lose"
"19",14195.827548,107871.03,43310.218545,41584.282065,2286.865836,6483.048903,29,92,16,4,0.316350585527684,26,10,0.703800913774667,16,82,9,21,88,3,8,73,187,54,215,182,165,397,8,7,6.24088655584719,11.4273101824603,28.9758681577398,5,8.0503237198352,46,144,85,28.3678429085253,21,15.2413184226015,7.37786933490288,4.32973656070769,4.57276173811607,8.76251579663653,10,130,130,9,144,4,4,0,13.2370953630796,16.464096527369,15.9832798677943,26,1.21542083578576,8.68280353844658,5,172,37,118,20,131,12,78,321,60,4,56,3,295,0,3,7,1,3,12,239,0,1,0,1,0,1,14,0,0,11,14,1,15,3,16,2,1,2,5,19,0,0,98,3,3,1,0,14,0,5,"cameroon","win"
"20",15213.46887,110162.7,40859.34543,45398.04867,2357.48178,6323.33898,56,145,15,6,0.562147459907677,26,8,1.34785167745733,19,100,9,20,145,3,5,156,333,84,299,344,170,643,20,9,3.64331959976457,11.8557402546904,32.9454651501896,5,0.956547098279382,66,181,110,19.941141848146,20,24.9382716049383,6.3079615048119,6.51265450264862,5.61212477928193,5.64155385520895,9,208,250,13,328,3,3,0,16.464096527369,13.2370953630796,9.35844614479105,26,1.50286769709342,12.5132430841672,5,388,22,191,7,244,17,54,226,53,7,80,11,548,1,6,19,0,8,28,491,1,0,0,1,0,5,14,0,0,15,13,1,14,11,6,5,0,5,14,7,0,0,98,5,5,0,2,11,1,2,"brazil","lose"
"21",14290.789032,111298.98,43306.433118,44007.616692,2637.785826,7056.355332,28,78,22,5,0.380668039132527,42,11,1.21584954120839,14,84,15,20,103,5,3,80,227,45,230,189,167,419,5,12,4.86546945877089,11.1681342155994,23.2597822122649,3,8.81831917886729,67,173,95,11.5909608732575,20,23.1334340645027,9.45136247590267,5.09745437975103,6.33608815426997,5.76026843969428,12,133,134,15,149,5,8,0,14.0433728950475,15.6919189287761,19.451521365397,42,0.65909446152243,9.51138176018559,3,223,30,118,16,145,15,83,285,42,4,38,3,364,2,8,13,3,1,20,271,3,3,0,2,0,1,8,0,0,24,13,4,17,4,9,4,3,6,9,16,0,0,102,5,5,0,1,13,0,2,"cameroon","draw"
"22",16761.824546,117461.98,41745.987692,48770.214096,2548.924966,7635.0287,43,122,22,16,0.490564842468797,26,8,0.40639816599802,14,102,11,16,124,2,4,140,349,74,264,319,198,583,20,12,4.92888032095035,11.3589759522774,25.9243149195302,7,3.06033679239421,60,184,115,9.22992757776272,16,24.6515047950455,6.18902628472006,5.23888917834627,6.74985671859532,8.06023029229407,13,236,252,12,261,5,8,1,15.6919189287761,14.0433728950475,14.5313395508779,26,1.4540483440005,11.1472932840098,3,299,23,212,13,225,24,81,234,43,5,67,8,513,1,6,16,3,4,23,433,3,3,0,2,1,3,13,0,0,20,8,0,8,3,4,5,2,4,11,13,0,0,102,5,5,0,0,8,4,2,"serbia","draw"
"23",14877.460312,110860.36,40674.666084,45607.952104,2538.702244,7150.49322,46,85,16,3,0.368344662237959,27,9,1.59659067737857,12,61,8,17,78,3,0,58,238,40,244,249,188,493,6,7,4.39827086986664,14.5804093567251,25.6125730994152,3,6.47368421052632,70,147,76,27.4825659638677,17,15.5146198830409,6.59502923976608,5.80726724032462,3.68867501325395,1.08274540190041,9,162,165,5,227,14,14,1,10.578687655479,20.5789473684211,25.8451939154194,27,2.89181286549708,8.62525998124057,3,220,12,147,7,172,15,72,324,59,4,32,2,384,1,2,7,1,1,7,308,1,2,0,1,1,0,14,0,0,20,14,4,18,2,6,3,1,1,4,5,0,1,100,5,5,0,1,14,4,0,"maroko","win"
"24",16008.536736,109797.92,39088.05952,44929.308864,2635.15008,7136.8648,28,91,21,2,0.522485198484825,16,8,0.950292397660819,22,89,8,30,189,7,4,86,308,56,320,383,303,703,22,8,4.98538011695906,15.7171404102606,39.4722890583581,3,1.54153582643448,43,153,92,19.0146198830409,30,17.397332898332,5.40149259818115,3.52923976608187,12.7573099415205,8.66959064327485,15,187,230,11,211,3,4,0,20.5789473684211,10.578687655479,8.35672514619883,16,1.52930141511358,13.6900584795322,2,372,18,171,7,221,16,66,224,36,6,55,4,539,1,0,5,0,4,20,472,2,1,0,0,0,2,14,0,0,23,14,4,18,6,5,1,0,0,4,7,0,0,100,5,5,0,0,14,4,4,"canada","lose"
"25",13717.679811,112347.91,42737.144964,47613.044258,1887.444888,6403.83087,35,103,13,3,0.267944978943736,27,7,2.44133203046236,13,91,10,18,100,1,5,118,239,56,176,168,88,344,7,7,4.6608657887798,6.97157811453959,10.4558456575984,5,8.84912665084292,50,154,87,16.828750019388,18,14.3220132676039,7.92100298216785,1.89536705287485,1.00196981682255,0.905805530997472,9,183,159,1,156,4,5,0,9.85063514959751,20.4856673361329,49.7572627301351,27,2.14229200900736,6.68341786484265,4,160,45,166,32,116,17,79,378,61,1,61,1,347,1,5,7,0,3,12,269,4,2,0,1,0,1,3,0,0,15,9,3,12,1,14,2,1,4,5,32,0,0,92,5,5,0,0,9,4,1,"costarica","lose"
"26",15392.160369,115817.61,42377.663499,48562.323873,2455.333332,7030.128927,36,159,34,13,0.617505986035218,17,11,1.21721136875418,31,120,28,38,217,5,13,167,387,82,298,449,258,747,29,25,4.9175339297669,14.8697904549191,42.7504536782839,16,0.249716935771563,39,193,101,8.77305094029578,38,35.5358056861012,5.41389418826485,8.3500699896537,5.16401923193963,8.60872740551397,20,203,283,15,272,5,6,0,20.4856673361329,9.85063514959751,5.56569898362851,17,1.8736525367208,13.0850222141075,9,578,24,179,7,268,24,77,230,46,12,98,17,727,2,11,32,4,12,38,661,2,4,0,2,0,6,9,0,0,18,4,3,7,14,2,8,4,9,24,7,0,1,92,4,4,0,0,3,3,0,"germany","win"
"27",15466.330087,117080.47,41797.72779,50391.434288,2201.112836,7235.573046,39,85,17,2,0.333903656364368,32,12,1.58481851872544,13,87,7,17,89,7,2,64,213,54,274,203,184,477,9,6,3.97601355755443,12.3318205011145,28.8906195450761,4,5.93495716625937,70,174,103,28.7911801404175,17,11.75712329135,8.35190804844644,3.78978341434345,3.86613777305995,4.72465873326257,13,137,135,6,204,1,1,0,12.2297335046651,19.561189139834,23.8020746037954,32,2.72309799393077,8.41574017170419,3,253,26,123,11,146,14,73,287,49,3,40,7,387,3,1,11,0,3,13,302,0,0,0,0,0,1,10,0,0,24,9,1,10,9,7,5,0,1,6,11,0,0,98,5,5,0,0,9,1,1,"tunisia","draw"
"28",15719.62065,115077.75,41163.311175,49955.251275,1898.782875,6329.27625,58,136,21,7,0.557417575912249,33,13,0.15038805489164,6,90,14,14,152,3,4,114,297,62,359,322,253,681,17,12,5.878561645675,13.0361100247686,41.1075106616757,8,2.84373428683167,79,190,82,11.3865241560813,14,22.0310259418589,9.2537758161536,6.05849021134893,9.10384832290464,6.99035905148105,14,193,222,18,276,11,13,0,19.561189139834,12.2297335046651,9.2972043934796,33,0.670428515559529,13.8142170421892,7,432,21,170,11,245,23,76,226,48,6,66,4,594,1,4,11,0,10,27,523,0,0,0,3,0,5,9,0,0,24,10,1,11,11,6,4,0,1,7,11,0,0,98,4,4,0,0,9,1,2,"denmark","draw"
"29",13480.44417,108276.66,40690.368828,44967.296898,2241.326862,6897.223242,33,84,20,2,0.323812530065562,30,6,0.552324928714161,18,74,12,24,76,6,0,80,207,56,151,117,77,268,14,12,4.95969824199017,10.0386339051151,20.8283109256684,4,7.38525730180807,59,153,80,26.6844787714138,24,25.3129346314325,9.62911451089476,5.30097218168347,2.41136981072768,8.06708727182918,7,172,130,10,115,6,7,0,11.6616897550461,26.0377066913924,14.8880756191203,30,1.53608406737753,9.2076607018568,4,118,15,139,8,91,33,62,243,49,7,39,8,269,2,5,15,0,5,20,198,1,2,0,0,0,2,11,1,1,17,22,0,22,6,6,4,2,5,11,8,0,0,102,3,3,0,0,23,3,1,"senegal","win"
"30",13055.578005,104028.51,40238.227668,42506.049186,2070.167349,6148.084941,39,77,10,1,0.513465505829231,25,3,0.973574408901252,8,72,2,14,83,1,3,82,248,42,248,205,196,453,13,2,3.06289599752743,11.1991737578302,40.3522755338018,0,5.98127483778262,64,146,67,10.5176943285427,14,13.8889512562024,5.70398976178181,3.85102766187606,4.24972956266419,6.77484160098903,4,203,180,6,174,1,2,0,26.0377066913924,11.6616897550461,13.4507804048833,25,2.73243674083388,16.5013135527739,0,236,29,187,15,145,16,59,190,50,6,36,3,432,1,4,8,1,6,19,353,2,1,0,1,0,3,23,0,0,23,11,3,14,3,9,3,1,3,5,15,0,0,102,4,4,0,1,8,0,0,"ecuador","lose"
"31",15609.73468,119158.28,46304.907608,47329.668816,2538.071364,7387.81336,80,178,25,2,0.722607404583986,26,11,0.171375840400756,28,116,16,30,207,3,5,120,410,78,530,531,468,1061,11,16,6.77154282198884,20.4703778084599,40.9933161792394,10,2.26010417974143,97,238,115,8.10739552665114,30,19.3297351575248,4.77987322706163,3.49782484510261,6.68805202794744,5.51039240673199,16,229,313,11,386,12,13,0,24.5792503405546,8.19552529182879,8.01072197565584,26,1.33205723609891,16.0170496989937,5,600,9,207,8,386,22,63,139,33,3,82,3,809,3,7,13,6,7,23,730,2,6,0,1,0,2,9,0,0,18,14,2,16,8,5,3,6,6,10,8,0,0,118,5,5,0,1,12,2,0,"england","win"
"32",16213.50937,121540.55,43268.4358,52262.4365,1932.494745,7863.673585,19,45,7,3,0.19691155886182,21,5,0.685640768168696,8,48,4,11,53,0,0,57,155,29,106,106,73,212,3,4,4.89833061378185,8.42817594586281,14.4219361075713,3,7.5625082392231,46,101,58,26.2410568595456,11,16.9969679659006,9.24330975084589,7.41025480105435,6.39042299485377,1.86707669135183,6,116,91,0,86,3,4,0,8.19552529182879,24.5792503405546,27.530751851387,21,3.79223975040647,7.08390862307016,2,99,25,102,13,69,14,72,416,55,1,22,4,224,1,3,8,1,1,8,154,6,2,0,0,0,0,14,1,1,18,9,1,10,0,5,2,2,3,6,13,0,0,118,6,6,0,0,9,2,2,"iran","lose"
"33",14987.827052,109881.43,38711.227789,47260.003043,2087.74717,6834.624946,42,86,15,0,0.357527752537117,33,8,0.223181074244904,19,74,7,22,95,4,1,67,227,43,262,227,201,489,8,7,2.72280910578783,16.5970181445634,30.891590951983,5,4.14386239249414,70,159,81,31.4387739919655,22,19.0774042220485,7.76873095899275,6.25836929028418,6.4517928879631,5.10712691563755,10,167,154,9,193,7,7,0,10.8977458711501,17.799466177779,14.4658532956405,33,1.90612277911084,8.06241630709716,3,239,15,141,8,152,26,74,339,50,4,37,6,393,2,2,10,0,3,13,320,3,0,0,0,0,1,12,0,0,16,16,0,16,3,8,6,0,2,4,8,0,0,94,5,5,0,2,16,0,1,"senegal","lose"
"34",14777.231832,113322.33,40898.028897,48898.585395,2300.443299,6436.708344,50,129,16,2,0.54986093335506,36,6,0.544606508317382,20,95,11,26,140,4,6,114,380,76,448,346,378,794,17,12,2.24043568520665,15.8160987948222,41.3703317958637,6,4.50267817289094,73,184,106,20.9673505702192,26,18.4180181520607,5.77109061151614,6.98012995066189,7.82400043137149,7.57596182362298,7,241,290,13,276,11,11,0,17.799466177779,10.8977458711501,17.9207894098299,36,1.56226751971433,11.3828152381979,5,370,13,221,10,289,20,60,230,48,2,67,4,597,0,4,8,3,7,19,523,0,3,0,1,0,1,16,0,0,18,12,0,12,3,11,1,3,3,7,10,0,0,94,5,5,0,0,11,0,0,"england","win"
"35",17616.683708,116821.51,38691.284112,51062.682021,2359.794502,7079.383506,42,88,15,1,0.402498238774678,17,4,0.804840910439202,11,63,6,15,129,0,0,74,218,39,320,219,172,539,12,5,5.14544483774645,11.8525542254356,36.4987554818063,2,3.24522934692426,65,143,69,37.4280685795646,15,18.4188692663269,4.27995733080479,6.25086515454132,3.50610057545136,4.8112479977852,6,135,155,8,238,2,3,0,10.7041863592319,13.6292521038284,14.8865905989836,17,1.81581130733673,7.81110957305859,1,303,21,122,8,177,13,61,350,61,6,41,7,427,1,2,10,0,2,16,368,0,0,0,2,0,2,15,0,0,16,9,1,10,7,3,4,0,0,6,8,0,0,92,4,4,0,0,9,0,0,"usa","draw"
"36",15341.733225,112393.65,40439.23527,47182.85427,2562.57522,6867.252015,75,147,23,7,0.515058953982225,40,15,0.457508593101813,8,87,10,12,116,2,2,102,337,69,373,303,270,676,11,10,6.1633281972265,15.0111728529336,41.0152464948882,5,1.89543000652574,98,208,104,28.054995851606,12,19.6246712412743,4.39696256599893,5.00177788313381,5.51380822567263,5.10608036031765,15,192,272,11,290,9,10,0,13.6292521038284,10.7041863592319,12.6585279127652,40,1.49103205521169,8.46509422780609,5,364,13,173,10,279,19,52,266,46,5,62,4,550,0,3,8,0,4,13,488,0,0,0,1,0,3,9,0,0,18,15,0,15,3,7,2,0,2,6,10,0,0,92,3,3,0,0,14,1,0,"england","draw"
"37",14174.2125,115237.5,45115.48125,47777.4675,2062.75125,6107.5875,25,135,32,3,0.561718685764689,15,4,0,24,102,26,29,150,4,6,106,328,45,349,342,359,691,30,27,1.77146240378922,19.4429210084592,43.6771866846155,19,1.17166076681458,39,173,57,31.0740082889284,29,24.2708281398016,5.9763008758372,7.95263469508585,6.04381290704559,4.44286560094731,21,180,247,19,182,6,6,0,10.2877442273535,7.48948829170198,8.27235050325637,15,1.05033986471888,6.0461811722913,3,599,5,146,4,278,34,64,250,38,8,83,9,734,5,7,22,4,17,34,672,1,4,0,0,0,7,5,0,0,17,11,0,11,8,8,4,4,7,18,4,0,0,102,5,5,0,0,11,0,0,"france","win"
"38",15578.66268,120952.35,40180.37067,56968.55685,1814.28525,6410.47455,43,84,15,5,0.352517793105193,23,10,1.02374898206777,10,57,7,11,95,1,2,66,214,44,273,248,218,521,11,7,4.38749563743331,14.1823564239195,37.0207223208999,5,4.06867969212552,61,133,75,37.0194944408436,11,13.0965068087626,5.94908229721729,3.60306459922554,1.94778215419388,1.45086503465124,11,122,156,9,208,5,5,0,7.48948829170198,10.2877442273535,32.3045985607685,23,1.43753700414446,4.6018846288079,4,343,30,115,22,210,7,56,316,54,1,34,3,466,0,1,4,1,2,9,399,4,1,0,0,0,1,11,0,0,21,5,0,5,1,10,2,1,1,2,22,0,0,102,5,5,0,0,5,0,3,"australia","lose"
"39",13561.46022,111159.51,41818.207662,46809.269661,2145.378543,6825.193914,57,132,23,3,0.44995000685971,30,10,1.23277116685215,14,80,17,22,171,4,5,105,276,47,315,300,176,615,13,15,6.40784179436692,10.5121713325171,46.7470479589931,8,0.919335090377073,70,173,72,26.30553890934,22,20.2004690061635,8.46182580363999,5.09588220186628,6.84872870473418,4.26547384641726,11,190,194,25,268,14,15,0,9.77763033986816,8.74509722539274,23.9512884170876,30,0.933861829954137,6.29226949747453,8,367,29,174,21,201,16,61,282,36,4,60,6,537,1,2,10,1,4,18,473,2,1,0,0,0,2,9,0,0,22,4,1,5,4,6,5,1,2,5,21,0,0,96,4,4,0,0,4,1,2,"denmark","lose"
"40",13923.81408,109120.8,45023.24208,42044.24424,2706.19584,5434.21584,31,105,16,4,0.441497883098795,21,8,1.42569572706332,17,90,11,21,111,2,7,105,266,53,315,315,293,630,15,12,2.07109801398718,16.3599006934338,35.3330194332677,9,4.93964557828953,49,155,81,36.5990827401581,21,22.5943840424621,5.72938960705419,3.6565878763982,1.26590159171561,3.16475397928902,11,145,187,13,226,7,7,0,8.74509722539274,9.77763033986816,22.57870379978,21,2.1017036212653,7.04131819785419,6,383,15,121,10,251,24,79,269,35,1,62,8,503,5,6,21,2,12,23,437,1,2,0,1,0,7,4,0,0,22,9,1,10,6,11,5,2,5,16,10,0,0,96,4,4,0,0,9,1,1,"france","win"
"41",12513.320904,106405.79,44190.324587,41838.756628,2404.770854,5469.257606,31,111,26,2,0.487431478865818,19,5,0.225097250753967,20,103,14,22,118,2,7,113,315,71,309,259,243,568,15,14,2.64216093360724,16.5159796013735,35.237408317926,5,3.035413153457,45,174,97,38.176930809913,22,28.0095085231313,5.56695585038298,3.19069889418244,3.01586607806285,3.98618820752655,14,226,238,19,207,4,5,0,10.4331483019363,11.4874337146224,16.1174002360243,19,2.50309839696052,8.27614843306089,0,347,16,207,11,218,19,71,220,35,9,66,7,540,1,7,16,3,4,27,481,1,3,0,4,0,2,10,0,0,19,7,1,8,7,11,6,3,3,10,11,0,0,94,4,4,0,1,8,3,1,"france","win"
"42",12917.1355,107822.5,41694.96075,45177.6275,2221.1435,5800.8505,42,97,20,2,0.428497872998872,26,9,0.709075763424694,13,73,11,16,124,1,2,85,227,35,269,232,153,501,15,12,6.08708019260855,14.4848988155077,39.4095021635561,6,3.22566545740635,63,156,65,26.1809463824946,16,17.2494427203986,8.08929586083308,4.67908734431825,3.81763140250716,3.82779008106625,10,147,155,10,224,5,5,0,11.4874337146224,10.4331483019363,29.8766736422926,26,0.771449801127672,7.65964363355615,5,338,28,135,16,169,12,64,297,49,3,43,5,466,3,3,11,0,7,18,391,3,1,0,0,0,1,8,1,1,13,9,2,11,1,5,3,1,3,8,16,0,0,94,5,5,0,1,9,1,2,"poland","lose"
"43",16726.862228,119819.93,41577.51571,50456.172523,2911.624299,8135.773247,33,70,17,3,0.227402029624947,19,8,0.805252543096468,7,50,10,12,102,2,0,54,180,47,182,164,98,346,5,11,2.89125410354929,12.3611690231606,21.6860619385164,5,8.12137523217467,46,113,76,26.6837433202314,12,16.4777680906713,6.80603464614685,5.43655875988164,6.85127118020286,4.8050170030473,10,129,117,11,146,2,2,0,8.38522575041588,20.5507751791062,28.1970881361422,19,2.9642545771578,5.87525210145888,4,138,39,112,26,106,17,87,487,68,3,26,6,261,0,3,10,1,3,16,207,1,2,0,0,0,4,14,0,0,13,6,4,10,6,8,0,2,3,10,25,0,0,98,5,5,0,0,6,4,0,"japan","win"
"44",16361.975392,120043.84,42579.550048,50970.614464,2749.003936,7394.700544,73,185,23,14,0.655445380378933,26,9,0.363898260111444,14,129,19,19,199,3,9,164,425,91,444,421,300,865,24,20,4.43121943823206,19.2082910097308,42.2845912644084,10,0.844999926393735,89,241,129,8.45305333383875,19,22.9180467841423,7.88396708327813,2.31227019445813,11.4931200485198,10.8942041620863,12,242,321,21,366,4,5,0,20.5507751791062,8.38522575041588,6.75107084644252,26,0.85824905415949,12.5506993669687,7,608,18,211,12,298,31,55,164,24,5,92,11,820,5,9,25,0,9,28,743,2,1,0,4,0,4,6,1,1,33,13,4,17,6,8,10,1,5,15,10,0,0,98,5,5,0,0,12,4,0,"germany","lose"
"45",14509.179201,111694.99,42265.384216,45080.097964,2814.713748,7014.445372,55,111,13,8,0.461895457063375,29,7,0.36540194213635,26,88,8,34,154,10,5,93,286,51,291,306,196,597,12,5,6.61978175993593,15.5907596785975,27.4573137326516,2,3.93193024105186,87,188,89,12.7815597156873,34,24.5206355003652,8.61714755295836,5.32585844428872,6.08919811792972,7.13785163680048,8,199,199,12,247,3,3,0,16.3417258984883,15.8966398831264,13.6425067574332,29,1.37646092037984,10.4189608569426,1,280,19,179,12,186,20,92,248,54,4,51,4,460,1,4,9,0,2,20,377,2,0,0,3,0,0,18,0,1,32,10,2,12,5,9,5,0,1,4,12,0,0,106,5,5,0,0,11,2,2,"ghana","lose"
"46",16308.9514,116492.51,44150.66129,46305.772725,2667.678479,7059.446106,53,124,24,13,0.396734478959319,30,13,1.92658875091308,14,91,14,20,117,2,2,99,296,82,244,180,150,424,7,14,2.41051862673484,14.6736410051056,24.8848733606968,9,4.43738111923115,71,186,126,15.1935719503287,20,20.1571728901792,8.04134548002803,5.76835281227173,4.94430241051863,7.39590942293645,16,205,203,17,157,6,7,0,15.8966398831264,16.3417258984883,23.1099342585829,30,3.94684152567825,12.1575967859752,8,258,26,180,9,139,25,84,293,73,3,57,5,446,0,7,12,1,4,15,361,0,2,0,3,0,2,11,0,0,24,17,3,20,2,5,5,2,4,7,9,0,0,106,5,5,0,1,16,2,3,"uruguay","win"
"47",15800.970399,120526.09,43558.128926,51139.219987,2543.100499,7484.670189,48,102,23,5,0.429837629846032,39,12,0.889888915916646,16,87,9,19,94,2,2,77,327,72,304,188,175,492,12,8,5.07175869618098,14.238558301365,30.6405566955125,4,4.27112142028727,85,195,124,21.2600340549745,19,16.0696761530913,5.83794272459631,5.60488121300576,4.15349063488202,2.05140679477824,15,218,241,4,223,11,14,0,14.9071596529636,16.8915603532875,22.3931727884537,39,2.25488446783834,9.33471174896619,3,258,21,195,13,177,23,63,295,65,3,46,4,463,0,2,6,0,3,18,379,1,0,0,0,0,2,13,0,0,21,10,1,11,1,10,1,0,2,5,12,0,0,100,5,5,0,0,8,2,3,"iran","lose"
"48",19473.838058,125962.73,43091.849933,51569.141662,3350.608618,8477.291729,52,133,27,7,0.457832558269804,31,10,0.211883308056026,29,90,17,37,133,5,7,117,280,60,359,338,302,697,11,16,5.81006334195736,15.4848779696749,34.0164599043217,7,2.84196870185681,68,185,84,24.8617182621108,37,25.5452850077029,10.2316954512284,5.65616914979035,3.46150414845214,5.16995271656704,13,175,200,17,262,8,9,0,16.8915603532875,14.9071596529636,16.3507003300919,31,1.24462823319549,11.0246230707467,5,332,17,149,6,247,26,74,302,59,5,65,4,470,2,5,12,1,2,22,413,0,1,0,0,0,2,10,0,0,22,13,2,15,5,7,4,1,5,8,6,0,0,100,5,5,0,1,12,1,1,"usa","win"
"49",11893.591937,102619.43,40113.935187,43982.687698,1416.148134,5213.067044,33,95,22,9,0.485206426538002,18,8,0.646327055389534,17,88,5,23,176,7,6,106,271,45,308,391,268,699,28,7,2.47179558459008,15.0581243600297,47.1670648703997,3,0.385487983616761,48,158,74,33.2360367873607,23,20.7380488686329,5.10169253317807,8.18912595269535,7.09106493386151,8.66170917599092,15,152,206,10,255,2,2,0,13.7327124887066,11.8276547473247,5.45323974332245,18,0.622402473547895,10.9157458243566,0,455,7,132,4,237,20,47,300,54,3,55,4,575,5,3,14,0,1,17,510,1,0,0,1,0,1,22,0,0,19,10,1,11,5,4,7,0,2,7,4,0,0,92,5,5,0,2,9,0,3,"japan","lose"
"50",11641.911785,102571.91,40710.791079,43870.005907,1077.005055,5272.196174,47,85,4,3,0.399443759694254,33,3,1.07615395426346,12,72,1,15,77,2,0,58,220,43,249,180,175,429,8,0,2.90722187644307,14.8886881182385,38.637153381055,0,5.62350869877453,78,154,71,18.768446202341,15,7.99684944517803,6.26751916973614,4.60979380408376,1.4355411889895,0.246953239504487,3,132,166,4,177,7,8,0,11.8276547473247,13.7327124887066,45.3269620736041,33,1.4038501633192,8.13741040416006,0,308,21,112,14,170,20,66,294,47,1,38,1,444,1,1,4,1,0,5,371,0,1,0,0,0,0,9,0,0,15,22,0,22,0,7,3,1,1,1,14,0,0,92,4,4,0,0,21,2,3,"costarica","win"
"51",17676.93917,142211.9,52860.16323,61407.09842,2929.56514,7338.13404,44,116,21,6,0.35695666372185,41,10,0.880993436019301,14,125,8,17,157,0,6,106,317,65,331,361,265,692,14,8,2.66906235057163,12.3211351156359,24.644274319612,6,6.30887009499379,83,229,125,21.2785996841175,17,24.784560503427,8.89514609804,4.42380421080086,2.47924304116616,4.33686406908843,16,212,204,18,270,5,5,0,12.5461869502847,15.8563469477735,36.0265457232695,41,3.02817748206341,8.73893324446119,2,324,33,178,18,225,34,100,405,40,6,64,4,532,2,4,12,1,6,28,414,1,1,0,3,0,2,13,0,0,29,15,1,16,8,8,7,1,1,5,16,0,0,127,5,5,0,0,15,3,0,"japan","draw"
"52",20109.94915,146787.95,55265.663175,59786.732035,2877.04382,8733.883025,49,132,20,9,0.518694024161182,38,10,0.633291915507636,8,131,14,10,175,2,7,116,404,78,325,392,295,717,18,11,6.51529119403583,13.7974004897628,42.6310984886905,6,2.80816657731152,81,232,136,15.4374924846687,10,20.5207714488575,4.94979206816107,5.47116116878432,5.65553729608401,4.07831977233556,13,262,292,28,247,7,8,0,15.8563469477735,12.543288945561,19.072908733817,38,1.07081274542478,11.5515651929937,4,494,26,225,11,254,37,100,308,57,6,72,8,735,4,4,16,1,9,35,624,1,1,0,1,0,5,16,0,0,28,14,2,16,5,9,7,1,3,9,12,0,0,127,6,6,0,0,13,0,2,"kroasia","draw"
"53",14361.49947,116005.65,38676.28371,55253.491095,1972.09605,5730.67911,25,57,14,1,0.147158037282842,17,4,0.496610888738517,8,51,10,10,77,2,3,51,150,39,133,182,132,315,2,8,1.59534814373043,8.05059815650127,14.2037654442047,1,7.78338889978427,39,104,64,28.579784610797,10,12.8505589331241,6.256128652677,6.59242352995149,2.96934316615247,1.33729398676469,6,126,96,5,106,2,2,1,5.34802903969446,20.5211806236517,46.3281760732186,17,5.78054520494215,4.49358305329679,0,109,19,112,14,101,14,85,637,62,2,24,2,224,1,3,6,1,3,6,166,1,2,0,1,1,1,9,0,0,11,6,2,8,0,5,2,1,2,4,14,0,0,92,5,5,0,0,6,2,3,"japan","win"
"54",14175.849435,114045.45,40029.95295,52460.907,1870.34538,5508.395235,27,140,21,6,0.782151383654409,12,8,0.294175328495783,21,129,17,25,174,6,9,151,593,76,549,589,678,1138,30,15,9.5165718768386,23.4943973575254,51.6549873266736,5,0.360128912387746,40,190,111,9.16846440478525,25,22.3566652521476,2.91257125162001,6.49637183761522,10.5069621494411,4.94704844087076,10,338,488,22,286,9,9,0,20.5211806236517,5.34802903969446,5.51088448715434,12,0.231675287587022,15.0421651304177,3,751,8,318,6,469,20,49,150,25,11,98,3,1070,6,5,14,1,2,20,992,2,1,0,1,0,2,6,0,0,22,9,2,11,2,5,7,1,4,7,6,0,0,92,5,5,0,0,9,2,0,"spain","lose"
"55",15464.133438,111815.86,40667.428282,46314.129212,2638.854296,6731.314772,63,148,24,6,0.538865865339256,34,6,1.96211670772106,9,99,19,12,175,0,5,119,343,78,398,297,286,695,22,19,5.26062459299527,11.9017348152401,33.7314932534963,9,1.7594225484969,78,201,110,20.2610492935814,12,35.0285034655293,6.31792642414797,6.74141396981795,4.6717064469549,5.07375633511708,12,231,252,27,234,16,19,0,18.1233896769444,11.2609194930894,12.6730654888304,34,1.83529508263954,10.0937172626632,3,357,14,216,8,281,15,53,220,50,8,66,8,540,6,6,21,2,16,46,477,3,2,0,1,0,6,13,0,0,23,9,1,10,12,3,6,2,5,15,8,0,0,100,4,4,0,1,9,1,2,"korea","lose"
"56",14660.09341,111909.11,40432.761443,47673.28086,2764.155017,6378.81927,29,66,12,4,0.322994465289976,23,7,0.885863101341098,18,62,5,22,72,3,3,56,185,34,214,175,160,389,8,5,3.76491818069967,16.8945893145333,27.7315326028483,4,4.42113310116368,48,122,68,20.8505926260099,22,17.3815793199128,6.5078286474702,4.1176229340114,2.20235409916745,1.44567936677193,8,130,119,7,157,3,4,0,11.2609194930894,18.1233896769444,35.3483984743469,23,2.46609473654407,8.17577820612722,3,201,28,119,21,121,11,75,324,46,3,32,3,319,1,3,8,2,4,13,260,2,3,0,0,0,3,9,0,0,13,14,0,14,5,10,1,3,3,7,21,0,0,100,5,5,0,0,13,1,2,"ghana","win"
"57",15250.107872,116948.68,40394.074072,51059.793688,2596.260696,7648.443672,36,87,11,5,0.344725845390034,22,4,0.367117765620501,6,78,8,10,93,1,7,68,243,52,242,228,191,470,9,6,3.79355024474518,13.4570082449941,32.1942927508299,1,5.32444587214905,50,139,88,28.0053268067953,10,20.9149801905986,8.12587000749545,5.66513101065361,3.69637201266916,2.88115462136481,5,167,184,7,186,9,9,0,8.91880218830982,13.4837777063925,30.369997120645,22,3.57640004283114,6.28959113158652,1,199,23,159,14,149,8,54,359,40,2,45,4,359,2,6,12,0,3,13,304,1,2,0,3,0,1,9,0,0,15,10,5,15,5,9,6,2,3,6,12,0,0,94,4,4,0,1,11,1,2,"korea","win"
"58",14593.580344,114639.28,41636.986496,49008.2922,2407.42488,7004.460008,48,123,21,5,0.557563584738673,31,11,0.227540421886712,24,88,12,29,159,7,7,109,336,54,382,358,386,740,23,12,5.37530784880608,17.4542902389865,38.0263820904118,9,2.93154333429312,69,178,74,21.370061034372,29,25.800820616182,4.98218399078606,4.23492879323268,7.66677374451226,7.63732733697398,14,190,260,12,195,11,11,0,13.4837777063925,8.91880218830982,14.21190705643,31,0.721638353008926,10.9888639040583,7,431,20,186,12,283,4,50,233,33,8,63,6,606,2,4,12,1,6,22,541,2,1,0,2,0,1,11,0,0,20,8,2,10,4,7,7,1,2,5,12,0,0,94,5,5,0,0,9,5,0,"portugal","lose"
"59",17740.96548,120686.84,39199.085632,53874.605376,2293.04996,7579.133552,50,115,26,7,0.479647315478056,29,12,0.79633571537175,13,81,12,15,123,5,5,94,349,73,269,312,277,581,18,14,4.12232020678121,19.171582218418,40.5546975307493,9,2.43761746152844,70,177,112,19.6803253763114,15,19.0599356171266,3.41173405779572,4.75140641629922,6.98076630682682,7.26965181693781,20,188,264,9,181,4,4,0,9.99505853732705,10.3226586777321,19.254599361411,29,1.64678736904784,8.22563478789722,3,425,14,167,11,222,21,68,346,42,4,51,7,596,3,4,15,0,8,24,531,0,0,0,0,0,3,9,0,0,15,7,4,11,4,8,3,0,4,12,11,0,0,98,5,5,0,0,7,0,1,"belgia","draw"
"60",16686.49236,118680.6,40244.59146,52338.1446,2254.9314,7156.44018,72,159,23,3,0.434948392005528,27,9,0.314471260304051,26,93,17,28,124,1,7,124,326,79,350,300,188,650,23,17,4.76544909845369,15.5275961684659,27.5524555268359,7,3.07320967006234,88,204,100,27.3831897433989,28,26.7865288125285,5.33487912422077,4.35235667367559,5.42602482276102,4.64263783703318,9,174,238,12,338,18,19,0,10.3226586777321,9.99505853732705,23.803055395322,27,0.385814201003497,6.2019687017361,7,415,28,151,16,256,23,70,328,35,2,70,5,578,1,4,11,0,6,24,504,0,0,0,1,0,2,7,0,0,27,9,0,9,2,7,4,0,3,7,15,0,0,98,3,3,0,0,9,4,0,"kroasia","draw"
"61",18693.538512,142589.92,56836.342112,56750.78816,2866.057392,7457.452816,45,121,19,15,0.454197902654716,24,9,0.591786896789369,28,104,11,41,153,8,10,111,424,74,372,365,345,737,25,10,2.96043267862226,19.1340347382183,40.6150781298637,6,1.45832036356845,62,185,125,23.9396527184742,41,25.1400734607483,6.58656539874245,6.45721905104349,5.53133474163633,6.92016120574707,13,258,311,20,239,4,5,0,12.3076692585435,10.5249642034489,21.7253209882092,24,1.55170267073398,8.01384331880084,4,481,14,229,9,291,29,77,423,77,8,66,4,695,4,11,20,1,6,25,625,1,1,0,3,0,2,24,0,0,24,22,3,25,7,7,8,1,8,12,9,0,0,125,5,5,0,2,22,3,3,"kroasia","draw"
"62",18402.20125,147217.61,55618.813058,61816.674439,3047.404527,8332.516726,87,180,16,2,0.451576368393145,39,8,1.12836954491689,22,117,10,24,156,1,4,131,392,78,360,314,268,674,19,10,3.48938554441885,16.9191124694743,38.0234317647235,4,2.26976493325543,107,240,105,23.8607358525805,24,17.076422910393,4.7387897583412,5.53445807134408,3.75552511984063,4.58195853825562,8,251,301,27,250,13,15,0,10.5249642034489,12.3076692585435,34.1156695511424,39,1.27646186345454,6.31264396439021,4,489,28,222,21,272,29,95,365,63,5,83,4,715,3,1,9,1,5,22,632,1,1,0,0,0,1,22,0,0,13,24,3,27,3,10,4,1,1,5,20,0,0,125,5,5,0,0,22,3,2,"brazil","draw"
"63",18069.223612,119347.58,38322.507938,52095.21867,2768.863856,8079.831166,66,134,15,3,0.469103704773059,40,8,0.779255979942629,23,98,6,32,121,9,4,96,333,68,289,303,224,592,8,6,4.37286833962008,19.661155337824,30.2367830169422,5,3.94162073892631,88,201,109,16.6625256928602,32,24.9520310267402,6.5880791998367,7.62315632552571,5.58353849976283,6.42829715628035,12,207,245,13,247,7,7,0,14.4173649854313,11.7064707083078,15.4947710794389,40,1.37987344355991,8.94224470896483,3,325,24,177,13,193,30,72,316,45,4,62,3,511,3,2,9,1,5,15,434,4,1,0,1,0,2,5,0,0,26,13,1,14,2,3,7,1,1,2,13,0,0,100,5,5,0,1,13,3,2,"canada","lose"
"64",17605.792634,119119.03,40238.408334,50458.821108,2692.090078,8123.917846,49,124,24,3,0.415755105217962,31,12,0.892018779342723,25,99,15,31,113,4,3,119,283,62,320,253,204,573,7,10,5.23984486629924,14.1530955661464,25.3427596955255,5,3.39258690398211,70,193,109,19.0508266993264,31,25.9096966548461,11.9339100580489,7.50357215758318,8.61196162482139,6.0093896713615,14,186,193,3,256,6,9,1,11.7064707083078,14.4173649854313,19.8734435599102,31,3.26835768978836,8.26495203102674,4,297,12,162,9,228,24,87,347,66,3,65,2,462,0,10,13,4,5,22,391,1,4,0,2,1,0,13,0,0,32,5,3,8,5,3,4,3,8,9,9,0,0,100,5,5,0,0,5,1,2,"kroasia","win"
"65",13808.006586,108043.87,38398.791398,47074.714159,2312.138818,6450.219039,39,81,10,6,0.320851758257454,27,8,0.415900612248541,5,70,4,8,106,3,1,55,193,34,256,242,199,498,8,4,2.64534209164093,15.3871015131482,30.0190979873659,3,5.27104451300132,62,142,62,42.1630401799261,8,16.2802996914941,8.97458498604378,6.15461506881102,3.07730753440551,2.00274887099941,9,142,135,11,193,6,10,0,11.867447298431,16.9590127809608,14.8403334344823,27,1.67768473630087,8.36442175535048,2,225,19,129,7,164,13,87,391,74,0,38,0,360,6,2,8,0,1,10,290,0,0,0,1,0,1,17,0,0,22,11,1,12,0,5,5,0,1,3,6,0,0,94,4,4,0,1,11,0,1,"maroko","draw"
"66",13306.611582,106113.33,39590.883423,45374.059908,1931.262606,5910.512481,46,116,18,6,0.576557698589689,25,8,0.89319817834582,10,91,9,14,99,2,3,102,356,62,278,348,330,626,12,9,4.65403261348612,16.8216625314603,43.2179640504793,5,1.3423058386734,60,169,97,26.6490377552519,14,12.6162468985952,6.00824661299823,3.98707213162921,5.15058028500073,3.71970030850595,10,221,268,7,197,7,8,0,16.9590127809608,11.7103689556075,14.6055531070956,25,0.987094586152116,10.4451300132217,4,458,15,194,8,247,27,58,217,41,5,61,2,667,2,2,6,0,4,19,592,0,0,0,0,0,1,11,0,0,26,17,0,17,5,5,2,0,2,4,8,0,0,94,4,4,0,0,15,1,0,"kroasia","draw"
"67",14425.342079,111911.11,41485.448477,46610.977315,2540.382197,6848.959932,30,63,13,4,0.228786093968857,24,8,0.411307697329764,20,58,6,25,68,6,1,48,140,27,187,152,121,339,4,3,2.9885094992492,10.9880083420229,16.4680470728437,1,9.33450022344704,57,128,63,31.2757067310831,25,11.321316847907,7.10561596901534,3.14846249265522,1.05601619116015,1.00705098909708,11,104,85,3,150,4,5,0,6.82574916759156,24.7039326679577,34.2658484037344,24,4.24921793534932,5.43187308219625,0,141,18,87,11,95,17,88,373,39,1,30,6,229,0,3,9,1,3,8,171,0,1,0,2,0,3,15,0,0,11,9,2,11,3,13,4,1,1,5,11,0,0,94,5,5,1,0,9,2,3,"maroko","win"
"68",15239.14528,114752.6,42642.06616,48368.2209,2157.34888,6345.81878,28,118,23,8,0.659546330971512,20,8,0.901236406971548,16,106,19,23,205,4,10,104,360,73,362,418,367,780,27,18,7.79457768508863,17.3859110791931,47.1689952340537,13,0.701834562903963,38,167,98,7.40726947713392,23,23.2747927139779,8.05314356597245,5.03128258602711,9.96946223744973,9.87263518546105,17,191,265,20,208,9,11,0,24.7039326679577,6.74740484429066,2.64412334276776,20,0.315009466605732,15.831223000149,6,503,17,177,10,235,14,44,165,34,7,72,6,678,1,3,11,0,7,33,592,1,0,0,1,0,3,9,0,0,27,15,2,17,9,9,4,0,2,7,9,0,0,94,5,5,0,0,14,2,1,"portugal","lose"
"69",16093.847484,147785.56,56069.841464,65247.32474,2867.039864,7492.727892,29,86,22,0,0.221062627682327,30,11,1.03665223665224,14,85,10,21,103,4,1,74,213,45,219,219,159,438,11,9,1.32525252525253,10.6053128175352,10.9711133691392,5,9.15082014806213,57,164,80,32.9523809523809,21,14.7191174335898,9.65887646973436,3.5024531024531,0.87965367965368,0.691486291486291,15,162,141,8,176,4,9,0,6.84329004329004,28.5513136884889,38.9529581529582,30,4.40121933517201,5.83665223665224,2,162,22,138,14,137,24,100,573,75,2,48,3,323,0,3,6,0,4,10,229,0,0,0,1,0,1,15,0,0,29,14,4,18,0,13,3,0,2,3,13,0,0,126,6,6,0,1,14,5,1,"maroko","draw"
"70",15590.895202,142643.14,56743.441092,59410.86781,3009.770254,7888.165642,22,158,37,8,0.683635783975603,19,12,0.839018725504427,17,147,27,26,182,4,10,147,504,90,428,468,435,896,36,25,6.73537523588329,15.0222222222222,52.8836940836941,15,0.140836940836941,35,219,127,6.12280447089563,26,19.8487734487734,6.13391053391053,9.96951662069967,9.47016983597039,5.84409928872115,24,286,401,29,279,8,10,0,28.5513136884889,6.84329004329004,1.55320075482653,19,0.643001443001443,18.9955000725795,6,785,8,263,6,346,23,66,217,56,19,111,6,1041,4,1,13,0,4,27,967,0,0,0,1,0,3,14,0,0,33,14,6,20,8,10,4,0,0,9,6,0,0,126,6,6,0,0,14,4,1,"spain","draw"
"71",12041.641638,106468.98,42576.945102,43758.75078,2438.139642,5664.149736,40,117,32,1,0.546024940933486,23,12,0.638358506697065,18,85,20,20,128,4,6,80,269,71,310,237,217,547,20,19,3.91279566828156,12.4434167466834,43.0767572651917,14,1.74207834453567,53,170,107,19.8290111142776,20,23.6503301914523,11.7105288942016,4.57680250783699,5.45454545454545,5.30635508691935,23,196,186,27,202,9,11,0,17.324023938444,11.5194685583273,9.80621259618125,23,1.02290764437303,10.9575377600456,7,316,15,177,8,194,19,61,193,39,3,58,5,485,3,4,13,0,8,33,422,0,0,0,1,0,3,14,0,0,21,16,0,16,6,7,3,0,3,10,8,0,0,94,3,3,0,0,15,3,2,"mexico","draw"
"72",11913.49944,109298.16,43533.457128,45861.507936,2328.050808,5661.644688,37,82,12,6,0.31601668425924,34,10,0.585918363347769,11,72,3,14,72,2,6,82,176,34,150,146,123,296,8,2,5.01459896925398,10.2165859219151,30.3733257338273,2,11.1912225705329,66,150,66,29.2253728126041,14,12.8127671701339,10.3419777714449,2.92175344398503,2.10852227077659,3.1020360173228,11,138,111,13,101,1,2,0,11.5194685583273,17.324023938444,28.0006270698203,34,2.41949273297236,8.3380690168721,2,177,37,118,15,110,20,70,290,65,4,43,4,322,1,1,8,0,2,10,241,0,0,0,0,0,3,16,0,1,23,13,3,16,5,9,1,0,1,7,13,0,0,94,3,3,0,0,13,0,1,"poland","draw"
"73",17214.174964,147255.56,58961.126224,60050.817368,2768.404528,8246.31136,53,122,24,13,0.446900693716882,38,12,0.714558718447247,28,99,7,31,97,3,7,104,410,93,298,346,269,644,7,8,2.64719078717783,20.8529276946845,32.7810128516374,5,3.93698113848191,80,203,148,26.0913638100936,31,20.5065955893588,9.86706958898528,6.27814613556674,5.10161689682104,4.89389633913289,16,253,298,17,278,4,4,0,9.01839573258886,13.2200397263297,20.0358941123685,38,1.15444035108568,6.25155790418266,3,354,18,231,5,229,22,79,323,64,6,61,8,603,0,6,15,1,4,16,511,2,2,0,3,0,1,18,1,1,19,29,1,30,8,9,10,2,3,5,5,0,0,116,6,6,0,1,29,2,8,"argentina","draw"
"74",18606.09055,146504.65,56360.338855,61238.9437,2446.627655,7867.299705,55,130,15,9,0.457906389179914,25,6,0.743595402611072,23,107,5,33,117,3,7,112,331,66,333,389,327,722,11,6,3.44125087007453,15.5441447729199,44.5851405021852,2,3.83036708376955,72,194,96,22.4725395990017,33,14.2114096747927,7.05502102132044,10.1166324295876,4.7637641546271,4.03714581600258,8,203,235,15,278,5,5,0,13.2200397263297,9.01839573258886,20.8953703546509,25,0.982102796749589,8.5869989643991,1,448,27,171,15,263,32,91,401,83,3,69,2,651,1,2,5,2,4,22,557,2,2,0,0,0,1,30,0,0,29,18,2,20,2,9,2,2,2,3,15,0,0,116,5,5,0,1,16,1,4,"netherland","draw"
"75",13186.784674,107122.54,41027.93282,44970.042292,2121.026292,5827.466176,34,84,22,2,0.392797767099443,29,11,0.659019812304484,11,73,12,15,86,0,5,89,256,44,242,299,179,541,10,10,0.588112617309698,13.3271990251424,28.8229588918455,4,3.71540125836214,60,155,94,30.2335766423358,15,18.4899654323444,9.18902787794385,5.4577685088634,5.13242961418144,9.30761209593326,13,216,163,4,276,2,3,0,8.15432742440042,18.1728880157171,12.1397288842544,29,2.06659869190023,8.68196037539103,3,233,6,181,2,176,35,52,279,55,5,40,3,425,5,5,13,0,4,22,345,1,1,0,2,0,1,12,0,0,29,15,1,16,5,5,5,1,3,8,2,0,0,96,3,3,0,0,14,4,1,"ecuador","draw"
"76",14651.41857,107493.9,40277.96433,45039.9441,1805.89752,5718.67548,53,115,9,2,0.480477023493783,28,7,0.231279998010495,18,84,4,20,129,0,8,93,245,47,342,290,236,632,8,4,4.99863221506553,16.8091762252346,42.6225234619395,3,2.64025026068822,75,168,72,21.0240978836637,20,10.5422314911366,5.59749739311783,9.72619432493596,3.78254706423615,2.98425803884509,7,149,192,11,267,6,7,1,18.1728880157171,8.15432742440042,13.7748377309691,28,0.177267987486966,10.653801198677,3,372,22,123,14,218,26,85,254,53,4,58,1,524,0,1,2,1,0,8,451,1,1,0,1,1,0,15,0,0,21,12,4,16,2,7,2,0,0,0,13,0,0,96,4,4,0,0,11,1,0,"netherland","draw"
"77",13326.998104,109868.08,40837.965336,48001.364152,2340.190104,5361.562304,44,107,15,5,0.387119418883333,26,9,2.08229218723971,16,76,11,19,100,5,7,92,316,74,272,302,229,574,10,10,1.29435282358821,19.5952204520193,28.0196369025565,6,3.8683308632827,70,161,103,23.7481259370315,19,20.9730455724342,8.9315487217488,3.31500916208562,2.26386806596702,1.20939530234883,10,194,250,6,245,10,11,0,6.75828752290521,12.5439977769544,45.3739796768282,26,1.45887365690997,4.3728135932034,6,273,18,173,14,202,21,52,322,40,4,53,2,459,0,4,6,0,4,16,394,2,0,0,3,0,1,9,0,0,13,21,3,24,2,9,4,0,1,2,13,0,0,96,5,5,0,0,17,0,0,"qatar","lose"
"78",15195.142842,113566.09,41621.971985,48753.922437,2032.833011,5962.219725,70,165,13,8,0.541427986704934,15,10,0.0949425713227121,14,98,16,18,157,0,9,142,310,53,369,416,306,785,25,10,4.5387180437199,19.911710811261,49.0463101782442,7,0.408129268698984,74,185,62,16.4296961837718,18,22.0056638347493,3.59986673330002,8.58882919599852,7.76213412374954,2.57734346054094,10,198,248,21,322,1,3,0,12.5439977769544,6.75828752290521,20.1718228973694,15,0.566383474929202,9.73277139681363,7,618,14,179,5,319,19,62,319,53,11,85,5,795,2,4,13,1,1,11,740,0,2,0,0,0,1,19,0,0,13,9,0,9,4,7,3,2,4,10,6,0,0,96,5,5,0,0,7,4,1,"netherland","win"
"79",17563.016828,118349.17,38380.635831,50700.784428,3645.154436,8047.74356,43,126,28,4,0.544212338787255,28,14,0.792595622826754,21,96,17,28,179,1,8,135,368,74,417,403,281,820,13,17,8.8003681734506,17.483127256239,38.0469472105474,10,1.76662423048081,63,187,114,12.7889138883207,28,27.3312289635688,7.80593292757364,6.5376355082839,8.72366537124156,8.62139496829618,18,247,247,15,360,5,6,0,20.5512374718756,9.72689698470553,8.18674575577828,28,0.749899722711498,11.7431990182041,6,361,21,215,13,266,32,77,256,42,9,66,4,567,4,7,18,1,2,27,487,3,1,0,3,0,3,5,0,0,21,10,0,10,5,6,7,1,4,11,11,0,0,92,5,5,0,0,9,3,0,"usa","lose"
"80",16351.823999,114109.03,38637.317558,49991.166043,2430.522339,6698.200061,44,95,17,4,0.332720003957303,27,8,1.02893217767392,12,74,8,19,73,3,2,97,275,63,208,196,131,404,4,7,3.2315446190335,11.0605440785437,27.0773675598282,2,5.00997136428718,70,161,96,25.3204513349959,19,17.7311311106566,5.14292288811618,4.14014405050487,2.76067735128442,2.65080832214297,8,205,192,10,200,4,4,0,9.72689698470553,20.5512374718756,27.0120855932056,27,5.34107179382287,6.6130691826093,2,206,33,180,18,164,25,101,325,52,7,44,4,396,1,6,11,3,4,13,320,1,3,0,2,0,2,10,0,0,16,5,3,8,4,7,4,3,4,7,18,0,0,92,5,5,0,0,4,0,2,"netherland","win"
"81",12000.906675,107631.45,43709.131845,44376.446835,1958.89239,5586.072255,36,126,20,7,0.674174447425547,11,5,0.429967426710098,23,83,36,26,224,3,8,150,445,59,581,326,424,907,25,16,0.993485342019544,20.0019899648913,49.0739556237829,9,0.0483277187895328,38,141,73,29.9543973941368,26,31.8209600159197,7.5803448324876,6.60586319218241,6.36482084690554,9.56351791530945,10,261,359,26,259,4,5,1,14.5700325732899,6.62374028115361,6.33876221498371,11,1.95158699700084,8.60586319218241,4,644,8,248,4,401,13,48,141,27,10,74,8,862,2,13,25,2,5,22,814,0,2,0,8,1,2,11,0,1,18,5,0,5,9,2,15,1,5,10,4,0,0,96,5,5,0,0,6,0,1,"argentina","win"
"82",11400.026583,111437.21,42914.469571,51105.104506,1482.114893,4524.350726,27,44,4,1,0.241427415770181,16,4,1.13001577757878,10,31,3,15,69,1,2,46,121,12,187,141,137,328,6,0,3.43268943755064,14.6384364820847,39.4869706840391,0,7.16938110749186,44,79,26,31.3277330035677,15,8.53745928338762,8.26872964169381,2.46187085127855,0.952340340852558,1.41429647634074,4,84,70,3,122,4,4,0,6.62374028115361,14.5700325732899,43.1438602476085,16,1.19543973941368,4.24999644649127,0,226,31,65,25,115,19,67,438,59,2,17,2,321,2,0,4,0,2,5,261,2,0,0,0,0,1,6,0,0,16,12,0,12,1,10,3,0,0,1,25,0,0,96,5,5,0,0,11,0,1,"poland","lose"
"83",14658.568353,113897.19,44943.831174,43690.962084,3086.613849,7528.604259,62,153,27,5,0.578150553727386,30,12,1.60872345438024,28,102,22,30,156,6,6,119,341,89,345,316,241,661,21,19,6.18921011005284,17.5060571156214,35.4241966874528,11,0.955236922588076,76,205,123,13.8188671625215,30,30.1981967668904,10.3457520753068,5.30744118735907,7.16521387944671,5.02473664725878,16,219,253,15,264,13,15,0,23.5183253121529,10.9772808515709,11.1197119106115,30,1.08432299320809,14.9631474438798,9,371,24,207,9,253,12,53,173,38,7,72,9,560,2,5,16,0,4,24,494,2,0,0,1,0,1,15,0,1,20,16,1,17,5,7,7,0,4,9,8,0,0,110,5,5,0,1,16,0,2,"saudi","lose"
"84",14436.126164,114754.58,45810.028336,45224.779978,2547.551676,6747.569304,26,84,22,4,0.304177819564501,34,8,0.49847082654804,9,80,14,12,140,2,2,95,184,37,222,206,124,428,7,12,6.56948802478453,9.17106990206307,22.4750109379733,5,9.71628580082792,48,150,56,22.0121539500338,12,23.5789048564601,15.9458822737522,4.23005123724034,2.59760892878421,4.03741510108432,13,162,125,13,164,5,5,0,10.9772808515709,23.5183253121529,34.1144695555467,34,2.70588631238852,6.98256345076856,4,144,25,144,16,129,18,69,329,52,8,46,3,303,1,3,8,1,8,19,236,0,2,0,0,0,3,18,0,0,21,15,0,15,4,18,0,2,3,8,16,0,0,110,2,2,0,0,14,0,3,"poland","win"
"85",14056.549659,111294.93,39799.066968,49270.265511,2070.085698,6098.962164,42,88,12,6,0.352167488988213,29,11,0.643273791135905,20,71,5,22,87,4,9,69,280,58,207,252,185,459,7,4,2.79660554959932,19.9684427037841,23.093178552309,4,5.31543208137274,67,150,97,29.4415874688812,22,12.9892085317404,6.06069144290102,4.41932728825571,3.18729443404627,4.66282640693427,12,194,200,3,187,2,3,0,12.3712089549527,18.2482882984419,24.9459395613382,29,2.0286833281677,9.35109302029765,4,212,21,181,11,141,13,82,326,44,3,42,5,394,0,3,8,2,3,12,326,3,2,0,1,0,1,19,0,0,11,14,1,15,3,12,6,2,2,2,11,0,0,94,5,5,0,0,14,1,4,"ghana","lose"
"86",15409.639749,114740.43,42017.945466,48982.689567,1767.002622,6551.678553,70,149,26,7,0.555235339691684,25,13,0.160604096813277,21,90,20,32,168,2,6,125,395,86,423,339,286,762,24,18,5.51407399058916,16.9649833730079,40.9505551416474,8,1.3001762642874,82,198,114,17.5171170155814,32,25.2039759408334,4.65737493412804,7.57656870755966,8.62190414471274,4.56453748837733,13,237,304,10,308,13,13,0,18.2623763771097,12.3712089549527,11.3803499478741,25,1.71357961876034,12.9779380688062,8,423,19,211,8,307,26,70,286,55,4,61,3,636,3,5,11,2,4,17,573,2,3,0,1,0,1,14,1,1,9,18,1,19,3,6,4,3,4,7,8,0,0,94,5,5,0,0,19,1,2,"portugal","win"
"87",17460.4224,118617,42132.7584,50258.0229,2170.6911,6606.9669,49,98,16,6,0.435833486309188,31,11,0.638797345492303,15,75,9,17,134,2,3,86,279,45,321,293,239,614,8,8,3.57094487833506,17.6511192190119,33.6579232817276,3,5.24849620353022,74,165,80,22.7100356643041,17,18.1121191204023,9.07824672123065,7.00419845605165,8.68809534558259,6.05615999277685,11,202,204,8,241,7,8,0,8.92849081305584,11.7468691450547,15.8638436187982,31,2.06340597574204,7.08771613019728,3,267,14,183,10,208,19,71,357,51,6,41,2,461,2,9,14,5,6,14,392,1,6,0,2,0,3,12,0,0,18,12,1,13,6,7,5,6,7,9,10,0,0,98,5,5,0,1,10,3,0,"portugal","win"
"88",15016.77604,108034.36,39119.241756,45828.175512,1879.797864,6190.368828,49,107,17,6,0.487681298995604,25,8,0.845577359234789,15,82,8,15,115,2,2,94,304,68,296,321,262,617,18,7,4.28212207869047,18.6018689901133,35.1835131596768,3,1.81707372127669,68,167,108,22.9045459027709,15,18.7734188072773,10.5886867410049,7.13687013115077,7.91342076718272,4.35607928212208,12,173,224,8,240,3,4,0,11.7468691450547,8.92849081305584,13.8472537225126,25,0.568823077964877,8.25855438319692,2,329,17,154,15,214,19,54,240,31,2,51,7,512,1,1,10,0,1,15,436,6,1,0,0,0,2,10,0,0,27,12,3,15,6,5,5,1,1,5,14,0,0,98,5,5,0,1,12,3,2,"swiss","lose"
"89",15545.860148,112814.66,40162.01896,46772.958036,2606.018646,7739.085676,27,86,17,4,0.351627157154385,20,5,0.466464717798138,17,81,6,17,115,2,8,94,227,49,202,211,143,413,13,11,3.69269081380438,10.3376592522199,27.7507201615538,2,4.46648650253913,52,150,82,18.2701778512888,17,22.0087310307962,8.20390223621299,7.03599769555279,6.40784998792024,5.11810291958594,6,180,142,9,155,2,4,0,14.0385437380364,18.8845662697116,22.2472077161813,20,1.04534790484958,9.45380884238696,1,222,19,164,14,145,16,81,362,53,5,48,6,390,1,3,10,0,5,18,306,2,0,0,1,0,2,16,0,0,18,10,3,13,2,11,4,0,2,6,14,0,0,96,5,5,0,0,10,0,2,"uruguay","lose"
"90",14757.1509,115742.36,43206.622988,48634.939672,2349.569908,6794.076532,51,112,11,4,0.53173395401469,29,8,0.947346538769934,13,83,11,16,142,3,9,127,414,69,417,335,283,752,17,7,4.68030766489472,18.4225687152707,31.1146834172722,4,4.36544072552919,76,170,103,17.7055801383898,16,25.9473322306677,8.05906075191882,5.15843554182876,3.0618002553975,4.53182074659223,8,298,330,11,327,9,10,1,18.8845662697116,14.0385437380364,15.992041101179,29,1.95320485420655,12.7966026193092,4,320,16,283,11,265,15,68,226,42,9,54,7,596,1,4,14,0,4,16,517,0,2,0,2,1,0,10,1,1,19,15,0,15,6,8,10,1,2,4,10,0,0,96,5,5,0,1,13,2,3,"portugal","win"
"91",13447.689056,102497.63,37975.371915,43663.99038,1721.960184,5688.618465,55,86,9,3,0.421454878225647,24,7,0.268307692307692,14,52,5,17,116,1,0,52,275,53,263,257,169,520,15,4,3.70461538461538,16.6878093674601,40.0442753028381,2,1.89289356515683,75,136,96,32.6596923076923,17,8.93216924110141,5.4896400766112,4.29046153846154,7.62830769230769,3.17046153846154,7,197,200,9,235,9,12,0,13.1581538461538,13.5263537546949,13.4990769230769,24,0.669104295699326,9.51876923076923,2,257,19,182,6,174,15,52,256,37,1,27,5,450,0,0,5,0,4,9,381,2,0,0,0,0,2,15,0,0,20,16,3,19,1,4,3,0,0,2,6,0,0,100,2,2,0,0,15,3,4,"qatar","lose"
"92",13639.315248,105241.63,38413.19495,44938.17601,2273.219208,5988.248747,52,99,13,6,0.505504255923261,25,6,0.129343581324777,14,68,8,20,127,4,7,58,232,56,296,236,218,532,8,7,1.54217346964157,17.9052307692308,34.7076923076923,4,4.90092307692308,74,155,77,34.6242817700172,20,19.0227692307692,8.09969230769231,5.66126905952292,4.81307365122006,6.35275974429769,7,149,172,6,187,9,9,0,13.5263537546949,13.1581538461538,12.6507972041887,25,1.68369230769231,10.5464766310972,4,343,10,134,5,179,15,72,279,44,4,40,3,480,0,3,6,1,4,14,409,0,2,0,0,0,2,15,1,1,17,14,3,17,3,7,2,2,3,4,5,0,0,100,4,4,0,0,15,4,2,"ecuador","win"
"93",14814.901952,112918.46,40278.014682,48724.31549,2642.291964,6458.935912,56,117,13,2,0.425882609072044,31,8,0.759698611370571,16,84,9,19,109,1,5,79,268,68,254,257,203,511,7,7,4.34024534528925,11.4310353087721,31.0472859675178,5,4.78369185071624,77,174,102,18.6479025261017,19,14.4037752119964,6.77549944904901,4.13060173941922,4.38591028914212,3.19654606970131,9,174,182,11,199,12,15,0,9.64879506818606,10.6034111052556,33.9269776034207,31,1.70555262779668,8.41065238599332,4,256,22,155,12,165,19,67,308,49,5,54,7,424,0,2,10,1,5,18,353,3,1,0,0,0,1,7,0,0,20,13,2,15,6,12,6,1,2,4,12,0,0,104,4,4,0,0,12,4,3,"qatar","lose"
"94",15668.876482,114706.27,40399.548294,48727.223496,2397.361043,7501.790058,49,113,19,6,0.484249506221199,33,12,0.459924304124946,19,91,12,24,136,2,4,95,256,36,292,261,227,553,26,9,5.23642983758923,15.1130207360359,38.4031799406356,7,3.88567158602653,74,184,71,25.3509318258037,24,24.3103555638583,8.82475039956826,5.47118286781967,7.55761030996982,6.92042351363005,13,148,178,18,190,9,9,0,10.6034111052556,9.64879506818606,9.87879078235041,33,0.958963820910393,8.37445503760839,7,382,20,138,11,206,10,67,232,25,4,55,6,511,1,4,12,2,6,20,445,1,3,0,0,0,3,12,0,0,22,7,4,11,7,8,2,3,4,10,10,0,0,104,5,5,0,0,6,3,3,"senegal","win"
"95",14690.78386,111462.7,43035.74847,43024.6022,3198.97949,7512.58598,37,86,17,4,0.292338333169064,38,8,1.24991733350969,8,91,6,12,100,1,3,95,202,50,162,175,75,337,5,5,4.27220421929767,6.664674237896,13.809191738062,0,11.051338247991,70,178,74,20.4858585190574,12,15.7069801421266,13.6763631533506,5.58164142583163,3.31547737142605,4.62491457796001,10,155,117,11,162,1,3,0,20.3039922403721,21.9798100551239,11.9679033573617,38,2.09205020920502,11.4013623437603,0,124,55,137,26,99,18,82,269,50,3,44,8,297,0,2,10,1,2,9,197,2,1,0,1,0,3,20,0,0,26,17,6,23,1,14,4,1,1,6,25,0,0,102,4,4,0,1,16,2,6,"saudi","lose"
"96",13667.350928,110936.29,42743.752537,44918.103821,2795.594508,6811.488206,43,121,33,3,0.550789983555788,39,20,1.13236368466494,19,100,17,22,194,1,5,119,255,75,239,253,140,492,16,16,1.47771800491466,10.5702885611622,28.56953905165,9,3.26036637788506,65,198,124,11.174204688849,22,24.819787051121,9.29171351101118,5.48914126319984,6.69456066945607,5.92415487812977,23,181,146,16,158,4,4,1,21.9798100551239,20.3039922403721,6.42890350003321,39,2.49763022727774,16.4109716410972,9,273,21,162,10,142,19,76,229,58,7,62,8,412,7,10,25,1,6,34,336,1,2,1,7,1,1,18,0,0,23,20,2,22,8,11,15,1,3,10,10,0,0,102,5,5,0,4,20,6,1,"mexico","win"
"97",14883.88097,109844.14,40027.204616,45607.286928,2702.165844,6634.586056,30,89,22,2,0.441475531512825,28,13,1.28131265411472,15,78,15,19,123,5,4,107,266,63,259,243,149,502,12,15,3.02813817896896,13.4378553628027,29.291572911374,8,4.02603372771043,51,151,108,25.9581038416334,19,30.775930899325,13.4076117200165,3.91998709469269,3.80706565575093,5.10911898232434,15,187,182,13,230,9,10,0,12.6391353444104,16.4162493043962,20.3028138178969,28,3.00742783866831,7.86762841933031,6,217,29,166,9,172,21,63,263,41,4,44,8,383,2,3,14,0,7,19,313,2,0,0,2,0,1,13,0,0,17,14,0,14,6,6,7,0,1,7,9,0,0,94,4,4,0,0,13,2,2,"senegal","lose"
"98",15538.053765,110591.13,40797.067857,45165.417492,2178.645261,6911.945625,40,96,22,2,0.459724157479885,22,7,0.295177953594154,15,82,14,23,117,3,2,87,249,55,253,253,198,506,11,10,4.93818199414483,10.8012813126541,38.1455534302768,3,3.05579240891388,58,162,81,13.5685078996395,23,21.2637983084829,8.56474546585855,3.75505068834531,4.68171590331712,3.55423290024437,12,147,172,20,191,6,7,0,16.5106094698894,12.6391353444104,27.5531683240183,22,1.32970755651833,10.2997749872977,0,295,22,126,15,177,21,73,251,51,7,46,5,438,1,3,9,1,8,25,374,0,2,0,1,0,4,13,0,0,28,12,2,14,7,10,4,2,2,5,14,0,0,94,4,4,0,0,13,1,1,"netherland","win"
"99",14969.07551,116490.86,44231.579542,48367.005072,2178.379082,6744.820794,39,95,20,3,0.411606916897819,25,11,0.908458760458491,14,78,10,17,108,1,7,111,245,47,250,206,155,456,14,8,5.09634149076961,11.3175557981281,30.374851940451,4,4.11547483568293,59,157,88,22.5791256364819,17,18.7774345634856,5.83180435237011,4.30003813283686,4.64547677261614,4.21928624301833,13,151,162,12,193,9,10,0,13.8242749153227,15.4481269015491,17.664475897804,25,0.836100982418654,9.47040218927346,3,259,15,131,10,150,20,82,253,43,1,48,3,403,3,7,14,3,4,13,325,2,3,0,1,0,0,13,0,0,22,17,1,18,0,8,4,3,6,10,11,0,0,96,4,4,0,0,17,0,4,"swiss","win"
"100",17212.114593,118622.43,42715.937043,50034.940974,2099.617011,6559.820379,38,95,10,4,0.453406819959432,21,5,0.582948184964117,17,89,7,21,92,1,6,86,250,48,272,305,271,577,17,5,4.58926539238684,14.6474955698616,35.3446535519616,3,4.84735649716247,58,157,84,17.156327658685,21,18.4675085798883,6.24144815055741,5.57168404672876,5.85270687693058,6.3613349745686,6,173,156,10,214,7,9,0,15.4481269015491,14.2100895000112,13.5425134124533,21,1.44231847648101,9.03918062103723,2,310,29,147,14,196,26,74,276,45,4,52,6,476,1,4,11,1,6,23,390,3,2,0,0,0,4,18,0,0,23,14,0,14,2,7,1,2,4,10,14,0,0,96,5,5,0,0,13,0,7,"serbia","lose"
"101",16045.586912,116610.37,40160.611428,52847.819684,1760.816587,5795.535389,25,58,11,1,0.178951399802684,23,5,0.53286193915963,7,58,1,9,52,2,0,47,140,38,111,139,94,250,5,1,3.52146708719097,11.8134883531851,16.5901052888329,1,8.61620391072808,50,119,61,39.1748906297691,9,13.9192650107728,7.9942274076182,5.6134906908129,4.64441957472785,3.4438905280293,6,100,97,1,104,1,1,0,5.36804354461288,19.8422700109761,25.6524061450809,23,2.75214439611366,4.17896021975786,0,126,31,91,17,59,9,76,585,47,0,32,0,231,0,0,0,0,0,5,170,7,0,0,0,0,0,12,0,0,13,8,3,11,0,10,0,0,0,0,17,0,0,100,5,5,0,0,7,7,2,"costarica","lose"
"102",14838.998376,122433.98,42937.596786,55634.000512,2179.324844,6844.059482,100,233,34,8,0.746179854938103,29,16,2.03666815724216,33,129,23,42,180,2,4,174,585,117,541,544,487,1085,30,22,6.79295906337656,19.361074371757,41.6166446230542,12,0.423491708210398,113,276,154,7.7320216268954,42,21.6400447654899,3.76437073964798,6.45961217935688,11.1589902028538,6.29293873734705,17,315,489,12,418,8,8,0,19.8422700109761,5.36804354461288,7.47997886092931,29,0.410774239495371,14.5331111020773,11,775,5,303,0,491,12,46,185,50,6,111,8,1061,2,7,17,4,2,17,1003,0,7,0,0,0,1,8,1,1,24,12,6,18,5,0,5,7,7,12,0,0,0,100,5,5,0,1,11,3,0,"spain","win"
"103",18163.779324,115545.67,38037.634564,47997.671318,2853.978049,8492.606745,37,83,17,4,0.330032434677786,31,7,0.703674745895231,25,65,9,30,108,4,3,95,258,46,190,250,155,440,3,7,5.62177005663724,15.4940484726803,21.6893732970027,2,4.90463215258856,61,143,86,26.8502450466256,30,22.4838663416033,7.03857736985516,7.56879421804382,12.7481454642537,6.75832872480406,9,184,169,8,177,2,2,0,11.7803543164439,19.8193030259573,9.81712084517249,31,1.4025527032841,8.29725967314403,1,193,12,161,7,137,23,101,387,59,3,39,5,352,1,4,10,1,1,13,281,1,1,0,0,0,1,11,0,0,15,13,2,15,5,5,3,1,4,7,7,0,0,94,5,5,0,1,12,5,3,"germany","draw"
"104",17562.429651,112651.89,37479.283803,47978.439951,2658.584604,6973.151991,64,146,19,2,0.56074642832066,22,6,1.24766958267604,21,87,16,31,90,1,3,115,424,95,316,317,273,633,12,13,6.68005162770687,17.7863803657583,32.2870382730411,8,1.61521005358607,80,186,127,8.4726803384483,31,13.6768435706249,9.46242300577814,4.99067833070414,15.7636598307759,7.83880682633013,10,310,318,5,270,9,10,0,19.8193030259573,11.7803543164439,11.1114298006597,22,2.33223364289937,13.2826616951097,6,349,23,283,11,246,27,79,275,45,1,69,4,647,0,3,7,1,2,9,565,1,1,0,2,0,0,13,0,0,23,14,2,16,6,9,4,1,1,3,10,0,0,94,4,4,0,0,11,2,1,"spain","draw"
"105",15455.036012,109922.02,41704.414388,44232.620848,2143.47939,6375.47716,42,103,16,3,0.468488684054963,30,6,0.127860610263523,12,99,5,12,109,2,12,103,302,62,289,272,204,561,9,4,5.56085298196949,14.2213064588519,37.3872863029907,2,4.85943938961198,67,182,98,18.4119278779473,12,19.1399077889755,5.9478150883349,5.20327669902913,5.1122572815534,5.3874826629681,14,222,231,18,248,8,9,0,12.1727635228849,10.0738504222939,18.2732316227462,30,0.454934921865437,8.18524618585298,1,299,20,199,8,203,23,79,316,39,5,57,2,500,1,3,7,0,4,20,424,1,0,0,0,0,1,10,0,0,12,12,2,14,5,9,1,0,3,6,8,0,0,94,4,4,0,0,11,2,1,"cameroon","lose"
"106",15153.842796,113257.42,39855.286098,49153.72028,2389.731562,6704.839264,44,123,21,11,0.435832533107933,20,8,0.862948304704394,25,101,13,26,153,2,2,112,330,77,260,349,200,609,19,13,3.53135582847117,13.7244278779473,30.9205963938974,4,1.08139736477115,56,178,122,23.0996776694276,26,19.7923890429958,6.31176317614424,5.25113223713738,6.33440776857481,8.70496552286915,11,212,247,16,256,4,5,0,10.0738504222939,12.1727635228849,16.9855971275858,20,0.953536754507628,7.45236443755355,3,304,20,189,7,227,23,64,313,59,6,66,4,497,0,3,8,1,6,28,437,0,1,0,1,0,3,12,0,0,16,8,3,11,11,6,2,1,2,6,7,0,0,94,5,5,0,0,10,2,2,"swiss","win"
"107",15678.279036,115196.76,42668.879904,47610.820908,2430.651636,6808.128516,45,109,23,7,0.502581616898597,38,12,0.361407078224554,17,99,13,22,166,3,8,89,240,48,357,353,253,710,12,11,3.81217540290196,15.8860090997725,29.682929801755,8,5.1978388040299,78,200,93,10.5557637736253,22,20.1596522586935,8.1664364640884,3.0572361728329,4.97938641109386,7.95363281040852,18,156,141,11,291,6,7,0,23.3669754243187,14.9303298667533,9.96680409059271,38,1.50105622359441,15.1255554960647,3,363,16,137,9,198,19,81,217,39,6,53,5,501,4,4,13,0,5,23,396,1,0,0,2,0,1,16,0,0,40,15,0,15,5,5,4,0,2,9,8,0,0,100,4,4,0,0,13,3,3,"tunisia","lose"
"108",16299.18585,120734.71,41472.372885,52869.729509,2197.371722,7896.050034,28,91,19,4,0.315184628445476,37,8,0.889665258368541,6,89,8,13,108,2,3,111,217,41,168,174,114,342,11,10,5.63251543711407,8.29630026235477,18.9778872409916,3,9.61476682550731,63,171,81,22.0344491387715,13,21.5800182042084,9.12753654227124,5.17143321416965,4.7184757881053,1.99666883327917,8,158,127,19,120,2,4,0,14.9303298667533,23.3669754243187,24.163145921352,37,1.10296086095197,10.6394215144621,3,181,25,140,13,117,18,88,273,57,7,53,3,334,2,2,8,1,4,23,239,0,1,0,0,0,3,15,0,0,22,15,4,19,2,8,3,1,2,5,13,0,0,100,5,5,0,0,13,0,0,"australia","win"
"109",13902.504868,111756.47,43752.658005,45239.019056,2514.520575,6347.767496,40,96,21,4,0.30981306731938,22,12,1.4330319273738,11,73,9,14,99,3,3,95,210,42,212,169,107,381,11,7,3.47970473044922,7.41032476975279,22.3476126999515,3,3.2537566650509,59,153,72,24.3326655476745,14,21.2039505574406,10.3399175957344,4.71420578627249,2.83538181096251,2.78665150612738,14,195,140,10,175,4,5,1,8.869817893046,24.3153174987882,35.8113595755049,22,4.18686379059622,7.4322739004097,3,166,13,165,11,139,30,68,400,72,0,49,2,328,0,3,5,1,4,27,266,0,1,0,2,1,1,14,0,0,30,6,2,8,7,8,3,0,1,2,9,0,0,94,3,3,0,0,6,3,1,"tunisia","win"
"110",13243.43354,107845.55,43224.49644,42652.915025,2307.89477,6416.810225,33,99,10,5,0.563735995450322,16,3,0.493819680077557,29,82,11,32,96,2,6,101,330,49,322,308,322,630,14,4,7.35882210373243,20.4974100745393,41.8439908314834,3,2.30476293609111,46,138,66,21.9704314105671,32,21.9881964372733,8.67309184760048,3.91117304895783,2.19037809015996,2.9871546291808,5,239,241,21,212,3,4,0,24.3153174987882,8.869817893046,10.876151236064,16,0.739978703051961,16.8928744546777,1,417,23,217,6,268,22,80,202,66,3,62,4,636,2,3,9,0,5,20,566,1,0,0,2,0,1,6,0,0,27,14,3,17,8,9,5,0,1,4,5,0,0,94,5,5,0,1,14,2,0,"france","lose"
"111",14055.851846,109640.03,40533.919091,45840.496543,2653.288726,6567.437797,41,96,17,4,0.389536822405321,35,10,0.238080577961127,12,89,8,14,136,3,0,91,247,38,260,291,187,551,15,8,3.7764505469696,12.7642660174397,32.5454003428316,6,5.75857700047201,79,185,80,30.0309915235105,14,24.6962959282538,11.4637418329069,2.12630585144593,2.80976130369641,1.4921084498081,13,175,181,19,228,9,14,0,13.7429961209285,11.7978784189998,27.1801818443035,35,0.896827565647281,9.7756706278349,3,252,18,152,10,171,23,54,231,35,4,47,5,419,1,0,6,0,3,19,340,0,0,0,0,0,0,10,0,0,29,7,1,8,3,9,5,0,0,1,10,0,0,92,3,3,0,0,7,0,1,"korea","draw"
"112",14606.492004,110154.54,41682.477936,44954.067774,2775.894408,6135.607878,33,88,16,4,0.496841708713757,22,6,1.10799195091049,12,79,4,16,157,2,4,81,205,37,283,283,254,566,13,7,4.33508061510943,11.5304886809105,45.2178642530222,3,1.91490671756665,51,146,54,20.3835738951134,16,19.9392484042444,7.55290109393921,3.90281469704121,3.74630462325789,3.80841179539413,9,133,140,14,155,10,10,0,11.7978784189998,13.7429961209285,21.4021315181477,22,1.59267696980892,9.54214592701165,1,408,10,114,6,191,19,65,240,39,6,48,6,528,2,0,10,0,4,16,459,0,0,0,0,0,3,7,0,0,22,10,0,10,4,8,3,0,0,7,6,0,0,92,4,4,0,0,10,1,1,"uruguay","draw"
"113",19030.259197,126953.03,41831.023385,54386.678052,3021.482114,8670.891949,63,146,23,4,0.512223714807351,29,8,0.369486567623739,24,93,12,28,149,1,5,101,276,67,392,333,240,725,14,15,6.82780386421369,13.3753011580011,40.2725965648558,9,2.16153726587394,83,199,94,21.0838272650296,28,22.1885443382296,5.41987254216212,4.3542965642881,7.03050830061838,8.62135324455392,13,154,195,11,336,5,6,0,18.1035588740923,11.9248853656641,10.2121981884895,29,2.03038781378721,9.8888974418187,4,454,14,129,7,258,25,81,242,47,4,68,4,569,1,1,6,1,4,31,509,1,1,0,0,0,3,15,0,0,22,10,1,11,5,5,2,1,1,4,7,0,0,98,5,5,0,0,9,1,4,"usa","draw"
"114",17678.193504,121000.64,41200.71792,53228.181536,2020.710688,6860.736288,49,103,17,5,0.396289205906989,37,9,0.639232144244968,9,80,9,15,100,3,2,73,272,60,207,229,164,436,7,8,5.70840133675293,13.1373001821774,27.1431503861648,4,5.52433736176327,77,174,94,28.4992616771586,15,16.8219023426475,8.20952967438996,5.38975674205331,3.11649957254993,1.60293774772674,11,177,187,7,172,8,9,0,11.9248853656641,18.1035588740923,25.2545270847906,37,2.77884689400354,9.10274345224217,3,236,17,143,7,156,34,72,292,57,2,46,3,409,1,3,7,0,6,15,321,1,1,0,0,0,3,10,1,1,25,15,0,15,3,10,2,1,3,5,6,0,0,98,4,4,0,0,14,1,2,"wales","draw"
"115",12941.307489,106163.31,40979.03766,43346.479473,2505.454116,6391.031262,72,131,13,7,0.586944830855806,20,3,0.476686025042801,20,71,9,23,140,4,4,97,324,64,420,357,327,777,10,8,3.2562355231797,20.0219284887616,39.5159489147429,3,1.71367078841039,83,167,78,29.6552418678036,23,19.2097622383302,4.90751456823212,7.61019168149317,7.66054583906811,3.67249655913257,6,195,255,9,310,6,7,1,16.3902782906442,11.9165093094556,7.95259995300279,20,2.36949503563379,13.3304239820068,1,418,10,170,8,293,25,56,167,24,12,51,6,588,3,7,17,2,7,17,529,0,3,1,1,1,1,9,0,0,16,16,1,17,6,4,4,2,6,13,7,0,0,100,5,5,0,1,14,1,0,"england","win"
"116",13412.586484,104296.94,37338.30452,46078.388092,1637.461958,5840.62864,33,55,4,2,0.330963849118576,16,3,1.50047714767213,4,45,1,8,71,1,1,46,213,37,191,197,179,388,7,1,2.5684757669895,16.8451441807379,33.7993890362214,1,6.14824263990063,55,104,72,32.9150677143611,8,13.2867837121085,9.26012957803216,7.17548882256198,8.26176118251406,4.2049907616089,4,134,155,4,138,1,2,0,11.9205701407078,16.3902782906442,17.3174148748249,16,1.09436369129544,7.15315425067511,1,186,22,121,17,118,13,49,328,54,0,21,3,325,3,1,7,0,1,4,261,3,0,0,1,0,0,16,0,0,18,9,1,10,1,7,6,0,0,1,17,0,0,100,5,5,0,1,9,1,2,"wales","lose"
"117",14780.081635,116838.59,43604.161788,47681.828579,3248.112802,7524.405196,38,92,24,7,0.339079814493186,36,15,0.797047072423794,11,85,9,17,109,5,3,103,223,62,184,159,85,343,7,10,2.75822905469812,8.42890579286132,12.919836161498,4,6.46284376828555,76,185,118,22.7878394548441,17,28.888238736103,9.74107665301346,3.83109903259172,4.22455229480601,3.46806741436307,15,159,122,7,149,5,8,1,15.6641044882065,21.5476887068461,19.3461374652686,36,4.76009362200117,9.50372158111424,4,153,25,141,9,101,18,84,276,47,4,44,6,295,8,6,21,1,4,26,202,0,2,0,4,1,2,10,0,0,18,10,1,11,7,8,14,1,2,7,10,0,0,98,5,5,0,0,9,2,2,"iran","win"
"118",15686.85182,111889.1,42327.64653,44151.43886,2875.54987,6858.80183,56,129,17,8,0.516486996075158,35,11,0,24,111,13,32,135,5,3,101,258,60,350,372,301,722,18,8,6.19368051492101,16.5473462185897,32.6708175309794,3,3.60192264789989,80,208,100,6.11761263897016,32,21.7575597785304,8.02928590261018,5.08484493856056,3.66588648332358,2.12404915155061,11,168,169,13,286,13,13,0,21.5476887068461,15.6641044882065,15.1170275014628,35,0.703754030867828,12.7208894090111,3,354,37,143,21,223,25,89,161,24,11,65,4,508,0,3,10,0,5,20,413,2,0,0,2,0,1,9,0,0,30,10,2,12,2,8,5,0,1,5,21,0,0,98,4,4,1,0,10,2,1,"wales","lose"
